date,region,total_cc,imported_cc,sub_total_epilinks_cc,shincheonji_cc,small_clusters_cc,contacts_cc,epi_link_imported_cc,other_cc,new_cc
25/03/2020,Seoul,347,58,259,7,194,35,23,30,13
25/03/2020,Busan,112,2,76,11,49,16,0,34,1
25/03/2020,Daegu,6456,2,5427,4387,321,719,0,1027,14
25/03/2020,Incheon,42,6,34,2,27,3,2,2,1
25/03/2020,Gwangju,19,4,14,9,0,2,3,1,0
25/03/2020,Daejeon,24,0,14,2,9,3,0,10,0
25/03/2020,Ulsan,37,6,24,16,1,4,3,7,1
25/03/2020,Sejong,44,0,41,1,37,3,0,3,2
25/03/2020,Gyeonggi,387,36,298,30,204,54,10,53,21
25/03/2020,Gangwon,31,2,23,18,5,0,0,6,1
25/03/2020,"Chung-
buk",38,0,30,12,11,7,0,8,0
25/03/2020,Chung- nam,123,4,112,0,112,0,0,7,3
25/03/2020,"Jeon-
buk",10,3,1,1,0,0,0,6,0
25/03/2020,"Jeon-
nam",8,0,4,1,0,2,1,4,2
25/03/2020,Gyeong- buk,1262,0,1103,551,379,172,1,159,5
25/03/2020,Gyeong- nam,90,2,72,32,35,5,0,16,0
25/03/2020,Jeju,6,1,0,0,0,0,0,5,2
25/03/2020,Airport,101,101,0,0,0,0,0,0,34
25/03/2020,Total,9137,227,7532,5080,1384,1025,43,1378,100
26/03/2020,Seoul,360,68,266,7,197,37,25,26,13
26/03/2020,Busan,112,2,76,11,49,16,0,34,0
26/03/2020,Daegu,6482,2,5463,4391,347,725,0,1017,26
26/03/2020,Incheon,43,7,34,2,27,3,2,2,1
26/03/2020,Gwangju,19,4,14,9,0,2,3,1,0
26/03/2020,Daejeon,30,1,18,2,10,6,0,11,6
26/03/2020,Ulsan,37,6,24,16,1,4,3,7,0
26/03/2020,Sejong,44,0,42,1,38,3,0,2,0
26/03/2020,Gyeonggi,401,47,309,29,210,57,13,45,14
26/03/2020,Gangwon,31,2,22,17,5,0,0,7,0
26/03/2020,"Chung-
buk",39,0,26,6,11,9,0,13,1
26/03/2020,Chung- nam,124,5,112,0,112,0,0,7,1
26/03/2020,"Jeon-
buk",10,3,1,1,0,0,0,6,0
26/03/2020,"Jeon-
nam",8,1,4,1,0,2,1,3,0
26/03/2020,Gyeong- buk,1274,1,1115,554,388,172,1,158,12
26/03/2020,Gyeong- nam,90,2,72,32,35,5,0,16,0
26/03/2020,Jeju,6,2,0,0,0,0,0,4,0
26/03/2020,Airport,131,131,0,0,0,0,0,0,30
26/03/2020,Total,9241,284,7598,5079,1430,1041,48,1359,104
27/03/2020,Seoul,372,74,268,7,198,37,26,30,12
27/03/2020,Busan,113,2,76,11,49,16,0,35,1
27/03/2020,Daegu,6516,2,5487,4391,366,730,0,1027,34
27/03/2020,Incheon,46,8,34,2,27,3,2,4,3
27/03/2020,Gwangju,20,4,14,9,0,2,3,2,1
27/03/2020,Daejeon,31,2,18,2,10,6,0,11,1
27/03/2020,Ulsan,39,7,24,16,1,4,3,8,2
27/03/2020,Sejong,44,0,42,1,38,3,0,2,0
27/03/2020,Gyeonggi,412,49,315,29,210,60,16,48,11
27/03/2020,Gangwon,31,2,22,17,5,0,0,7,0
27/03/2020,"Chung-
buk",41,1,28,6,11,11,0,12,2
27/03/2020,Chung- nam,124,5,112,0,112,0,0,7,0
27/03/2020,"Jeon-
buk",10,3,1,1,0,0,0,6,0
27/03/2020,"Jeon-
nam",8,1,4,1,0,2,1,3,0
27/03/2020,Gyeong- buk,1283,1,1117,554,390,172,1,165,9
27/03/2020,Gyeong- nam,91,2,73,32,35,6,0,16,1
27/03/2020,Jeju,7,2,0,,0,0,0,5,1
27/03/2020,Airport,144,144,0,,0,0,0,0,13
27/03/2020,Total,9332,309,7635,5079,1452,1052,52,1388,91
28/03/2020,Seoul,390,83,272,7,201,34,30,35,18
28/03/2020,Busan,114,4,76,11,49,16,0,34,1
28/03/2020,Daegu,6587,2,5562,4400,430,732,0,1023,71
28/03/2020,Incheon,51,14,34,2,27,3,2,3,5
28/03/2020,Gwangju,20,5,14,9,0,2,3,1,0
28/03/2020,Daejeon,31,3,18,2,10,6,0,10,0
28/03/2020,Ulsan,39,8,24,16,1,4,3,7,0
28/03/2020,Sejong,44,0,42,1,38,3,0,2,0
28/03/2020,Gyeonggi,433,55,333,29,223,64,17,45,21
28/03/2020,Gangwon,32,3,22,17,5,0,0,7,1
28/03/2020,"Chung-
buk",41,2,27,6,11,10,0,12,0
28/03/2020,Chung- nam,126,5,113,0,112,1,0,8,2
28/03/2020,"Jeon-
buk",10,3,1,1,0,0,0,6,0
28/03/2020,"Jeon-
nam",8,1,4,1,0,2,1,3,0
28/03/2020,Gyeong- buk,1285,1,1120,555,390,174,1,164,2
28/03/2020,Gyeong- nam,91,3,72,32,35,5,0,16,0
28/03/2020,Jeju,8,3,0,0,0,0,0,5,1
28/03/2020,Airport,168,168,0,0,0,0,0,0,24
28/03/2020,Total,9478,363,7734,5089,1532,1056,57,1381,146
29/03/2020,Seoul,410,92,281,7,207,35,32,37,20
29/03/2020,Busan,117,5,76,11,49,16,0,36,3
29/03/2020,Daegu,6610,3,5584,4400,450,732,2,1023,23
29/03/2020,Incheon,58,15,36,2,28,4,2,7,7
29/03/2020,Gwangju,20,5,14,9,0,2,3,1,0
29/03/2020,Daejeon,34,4,20,2,11,7,0,10,3
29/03/2020,Ulsan,39,8,24,16,1,4,3,7,0
29/03/2020,Sejong,46,0,42,1,38,3,0,4,2
29/03/2020,Gyeonggi,448,64,335,29,228,60,18,49,15
29/03/2020,Gangwon,34,4,22,17,5,0,0,8,2
29/03/2020,"Chung-
buk",41,2,27,6,11,10,0,12,0
29/03/2020,Chung- nam,127,7,113,0,112,1,0,7,1
29/03/2020,"Jeon-
buk",12,3,1,1,0,0,0,8,2
29/03/2020,"Jeon-
nam",9,1,4,1,2,2,1,2,1
29/03/2020,Gyeong- buk,1287,1,1121,555,390,175,1,165,2
29/03/2020,Gyeong- nam,94,5,72,32,35,5,0,17,3
29/03/2020,Jeju,8,4,0,0,0,0,0,4,0
29/03/2020,Airport,189,189,0,0,0,0,0,0,21
29/03/2020,Total,9583,412,7774,5089,1567,1056,62,1397,105
30/03/2020,Seoul,426,109,284,7,209,32,36,33,16
30/03/2020,Busan,118,8,80,12,50,18,0,30,1
30/03/2020,Daegu,6624,4,5871,4467,489,913,2,749,14
30/03/2020,Incheon,58,19,36,2,29,3,2,3,0
30/03/2020,Gwangju,20,5,14,9,0,2,3,1,0
30/03/2020,Daejeon,34,4,21,2,11,8,0,9,0
30/03/2020,Ulsan,39,8,24,16,1,4,3,7,0
30/03/2020,Sejong,46,3,42,1,38,3,0,1,0
30/03/2020,Gyeonggi,463,79,342,29,237,58,18,42,15
30/03/2020,Gangwon,36,5,23,17,5,1,0,8,2
30/03/2020,"Chung-
buk",44,3,32,6,11,15,0,9,3
30/03/2020,Chung- nam,127,7,113,0,112,1,0,7,0
30/03/2020,"Jeon-
buk",13,5,1,1,0,0,0,7,1
30/03/2020,"Jeon-
nam",9,2,6,1,2,2,1,1,0
30/03/2020,Gyeong- buk,1298,2,1162,559,409,193,1,134,11
30/03/2020,Gyeong- nam,95,6,72,32,35,5,0,17,1
30/03/2020,Jeju,9,5,0,0,0,0,0,4,1
30/03/2020,Airport,202,202,0,0,0,0,0,0,13
30/03/2020,Total,9661,476,8123,5161,1638,1258,66,1062,78
31/03/2020,Seoul,450,119,293,7,217,32,37,38,24
31/03/2020,Busan,119,8,80,12,50,18,0,31,1
31/03/2020,Daegu,6684,5,5930,4468,545,914,3,749,60
31/03/2020,Incheon,64,21,36,2,29,3,2,7,6
31/03/2020,Gwangju,20,5,14,9,0,2,3,1,0
31/03/2020,Daejeon,36,4,21,2,11,8,0,11,2
31/03/2020,Ulsan,39,8,24,16,1,4,3,7,0
31/03/2020,Sejong,46,3,42,1,38,3,0,1,0
31/03/2020,Gyeonggi,476,86,348,29,243,58,18,42,13
31/03/2020,Gangwon,36,6,22,17,5,0,0,8,0
31/03/2020,"Chung-
buk",44,4,32,6,11,13,2,8,0
31/03/2020,Chung- nam,128,7,113,0,112,1,0,8,1
31/03/2020,"Jeon-
buk",13,6,1,1,0,0,0,6,0
31/03/2020,"Jeon-
nam",9,2,6,1,2,2,1,1,0
31/03/2020,Gyeong- buk,1300,5,1162,559,409,193,1,133,2
31/03/2020,Gyeong- nam,96,7,72,32,35,5,0,17,1
31/03/2020,Jeju,9,5,0,0,0,0,0,4,0
31/03/2020,Airport,217,217,0,0,0,0,0,0,15
31/03/2020,Total,9786,518,8196,5162,1708,1256,70,1072,125
01/04/2020,Seoul,474,127,310,7,228,37,38,37,24
01/04/2020,Busan,122,12,80,12,50,18,0,30,3
01/04/2020,Daegu,6704,5,5961,4477,563,918,3,738,20
01/04/2020,Incheon,69,25,40,2,31,4,3,4,5
01/04/2020,Gwangju,24,6,15,9,0,3,3,3,4
01/04/2020,Daejeon,36,6,21,2,11,8,0,9,0
01/04/2020,Ulsan,39,8,24,16,1,4,3,7,0
01/04/2020,Sejong,46,3,42,1,38,3,0,1,0
01/04/2020,Gyeonggi,499,96,359,29,251,61,18,44,23
01/04/2020,Gangwon,38,7,23,17,5,1,0,8,2
01/04/2020,"Chung-
buk",44,4,31,5,11,13,2,9,0
01/04/2020,Chung- nam,131,8,114,0,112,2,0,9,3
01/04/2020,"Jeon-
buk",14,6,1,1,0,0,0,7,1
01/04/2020,"Jeon-
nam",12,4,6,1,2,2,1,2,3
01/04/2020,Gyeong- buk,1302,5,1164,559,411,193,1,133,2
01/04/2020,Gyeong- nam,100,9,72,32,35,5,0,19,4
01/04/2020,Jeju,9,5,0,0,0,0,0,4,0
01/04/2020,Airport,224,224,0,0,0,0,0,0,7
01/04/2020,Total,9887,560,8260,5171,1745,1272,72,1067,101
02/04/2020,Seoul,488,134,314,7,237,30,40,40,14
02/04/2020,Busan,122,12,80,12,50,18,0,30,0
02/04/2020,Daegu,6725,6,5979,4477,578,921,3,740,21
02/04/2020,Incheon,73,27,43,2,31,6,4,3,4
02/04/2020,Gwangju,25,8,16,9,0,1,6,1,1
02/04/2020,Daejeon,36,6,21,2,11,8,0,9,0
02/04/2020,Ulsan,40,8,24,16,1,4,3,8,1
02/04/2020,Sejong,46,3,42,1,38,3,0,1,0
02/04/2020,Gyeonggi,516,102,371,29,262,61,19,43,17
02/04/2020,Gangwon,39,8,23,17,6,0,0,8,1
02/04/2020,"Chung-
buk",44,4,32,6,18,6,2,8,0
02/04/2020,Chung- nam,133,8,117,0,114,3,0,8,2
02/04/2020,"Jeon-
buk",14,6,3,1,2,0,0,5,0
02/04/2020,"Jeon-
nam",14,5,7,1,3,2,1,2,2
02/04/2020,Gyeong- buk,1304,7,1164,562,412,189,1,133,2
02/04/2020,Gyeong- nam,106,10,76,32,37,7,0,20,6
02/04/2020,Jeju,9,5,0,0,0,0,0,4,0
02/04/2020,Airport,242,242,0,0,0,0,0,0,18
02/04/2020,Total,9976,601,8309,5175,1796,1259,79,1066,89
03/04/2020,Seoul,506,148,319,7,239,31,42,39,18
03/04/2020,Busan,122,12,80,12,50,18,0,30,0
03/04/2020,Daegu,6734,7,5986,4478,582,923,3,741,9
03/04/2020,Incheon,74,27,43,2,33,4,4,4,1
03/04/2020,Gwangju,26,9,16,9,0,1,6,1,1
03/04/2020,Daejeon,36,6,21,2,11,8,0,9,0
03/04/2020,Ulsan,40,9,24,16,1,4,3,7,0
03/04/2020,Sejong,46,3,42,1,38,3,0,1,0
03/04/2020,Gyeonggi,539,107,389,29,274,63,23,43,23
03/04/2020,Gangwon,41,8,25,17,6,2,0,8,2
03/04/2020,"Chung-
buk",45,4,32,6,18,6,2,9,1
03/04/2020,Chung- nam,134,8,119,0,118,1,0,7,1
03/04/2020,"Jeon-
buk",15,6,3,1,2,0,0,6,1
03/04/2020,"Jeon-
nam",15,6,7,1,3,2,1,2,1
03/04/2020,Gyeong- buk,1309,7,1168,562,413,192,1,134,5
03/04/2020,Gyeong- nam,107,11,78,32,41,5,0,18,1
03/04/2020,Jeju,9,5,0,0,0,0,0,4,0
03/04/2020,Airport,264,264,0,0,0,0,0,0,22
03/04/2020,Total,10062,647,8349,5176,1825,1263,85,1066,86
04/04/2020,Seoul,528,162,321,7,240,26,48,45,22
04/04/2020,Busan,122,12,80,12,50,18,0,30,0
04/04/2020,Daegu,6761,8,6010,4480,608,919,3,743,27
04/04/2020,Incheon,77,29,44,2,34,4,4,4,3
04/04/2020,Gwangju,26,10,16,9,0,1,6,0,0
04/04/2020,Daejeon,36,6,21,2,11,8,0,9,0
04/04/2020,Ulsan,40,9,24,16,1,4,3,7,0
04/04/2020,Sejong,46,3,42,1,38,3,0,1,0
04/04/2020,Gyeonggi,562,110,408,29,279,66,34,44,23
04/04/2020,Gangwon,42,8,26,17,8,1,0,8,1
04/04/2020,"Chung-
buk",45,5,32,6,18,6,2,8,0
04/04/2020,"Chung-
nam",135,8,119,0,117,1,1,8,1
04/04/2020,"Jeon-
buk",15,7,3,1,2,0,0,5,0
04/04/2020,"Jeon-
nam",15,7,7,1,3,2,1,1,0
04/04/2020,Gyeong- buk,1310,8,1167,562,414,190,1,135,1
04/04/2020,Gyeong- nam,108,12,79,32,42,5,0,17,1
04/04/2020,Jeju,9,5,0,0,0,0,0,4,0
04/04/2020,Airport,279,279,0,0,0,0,0,0,15
04/04/2020,Total,10156,688,8397,5178,1862,1254,103,1071,94
05/04/2020,Seoul,552,179,334,7,244,29,54,39,24
05/04/2020,Busan,122,12,80,12,50,18,0,30,0
05/04/2020,Daegu,6768,10,6041,4506,614,918,3,717,7
05/04/2020,Incheon,79,31,44,2,34,4,4,4,2
05/04/2020,Gwangju,27,11,16,9,0,1,6,0,1
05/04/2020,Daejeon,37,6,22,2,11,9,0,9,1
05/04/2020,Ulsan,40,9,24,16,1,4,3,7,0
05/04/2020,Sejong,46,3,42,1,38,3,0,1,0
05/04/2020,Gyeonggi,572,114,411,29,282,61,39,47,10
05/04/2020,Gangwon,45,9,28,17,10,1,0,8,3
05/04/2020,"Chung-
buk",45,5,32,6,18,6,2,8,0
05/04/2020,Chung- nam,135,8,119,0,117,1,1,8,0
05/04/2020,"Jeon-
buk",16,7,3,1,2,0,0,6,1
05/04/2020,"Jeon-
nam",15,7,7,1,3,2,1,1,0
05/04/2020,Gyeong- buk,1314,9,1172,566,415,190,1,133,4
05/04/2020,Gyeong- nam,109,12,80,32,42,6,0,17,1
05/04/2020,Jeju,12,6,1,0,0,0,1,5,3
05/04/2020,Airport,303,303,0,0,0,0,0,0,24
05/04/2020,Total,10237,741,8454,5208,1878,1253,115,1042,81
06/04/2020,Seoul,563,187,340,7,248,28,57,36,11
06/04/2020,Busan,122,12,80,12,50,18,0,30,0
06/04/2020,Daegu,6781,11,6056,4507,625,920,4,714,13
06/04/2020,Incheon,80,31,45,2,34,5,4,4,1
06/04/2020,Gwangju,27,11,16,9,0,1,6,0,0
06/04/2020,Daejeon,39,8,21,2,11,8,0,10,2
06/04/2020,Ulsan,40,9,24,16,1,4,3,7,0
06/04/2020,Sejong,46,3,42,1,38,3,0,1,0
06/04/2020,Gyeonggi,580,122,414,29,287,60,38,44,8
06/04/2020,Gangwon,45,9,28,17,11,0,0,8,0
06/04/2020,"Chung-
buk",45,5,32,6,18,6,2,8,0
06/04/2020,Chung- nam,136,8,119,0,117,1,1,9,1
06/04/2020,Jeonbuk,16,7,4,1,3,0,0,5,0
06/04/2020,Jeonnam,15,7,5,1,1,2,1,1,0
06/04/2020,Gyeong- buk,1316,9,1174,566,417,190,1,133,2
06/04/2020,Gyeong- nam,111,13,80,32,43,5,0,18,2
06/04/2020,Jeju,12,7,1,0,0,0,1,4,0
06/04/2020,Airport,310,310,0,0,0,0,0,0,7
06/04/2020,Total,10284,769,8483,5208,1906,1251,118,1032,47
07/04/2020,Seoul,567,200,340,7,248,27,58,27,4
07/04/2020,Busan,123,12,80,12,50,18,0,31,1
07/04/2020,Daegu,6794,12,6067,4508,636,919,4,715,13
07/04/2020,Incheon,80,31,45,2,34,5,4,4,0
07/04/2020,Gwangju,27,11,16,9,0,1,6,0,0
07/04/2020,Daejeon,39,9,21,2,11,8,0,9,0
07/04/2020,Ulsan,40,9,24,16,1,4,3,7,0
07/04/2020,Sejong,46,3,42,1,38,3,0,1,0
07/04/2020,Gyeonggi,590,125,421,29,292,62,38,44,10
07/04/2020,Gangwon,47,10,28,17,11,0,0,9,2
07/04/2020,"Chung-
buk",45,5,32,6,18,6,2,8,0
07/04/2020,Chung- nam,137,8,120,0,118,1,1,9,1
07/04/2020,"Jeon-
buk",16,7,4,1,3,0,0,5,0
07/04/2020,"Jeon-
nam",15,7,7,1,3,2,1,1,0
07/04/2020,Gyeong- buk,1317,9,1175,566,417,191,1,133,1
07/04/2020,Gyeong- nam,112,13,81,32,43,6,0,18,1
07/04/2020,Jeju,12,7,1,0,0,0,1,4,0
07/04/2020,Airport,324,324,0,0,0,0,0,0,14
07/04/2020,Total,10331,802,8504,5209,1923,1253,119,1025,47
08/04/2020,Seoul,578,207,341,7,248,26,60,30,11
08/04/2020,Busan,125,15,81,12,50,18,1,29,2
08/04/2020,Daegu,6803,12,6075,4508,640,923,4,716,9
08/04/2020,Incheon,84,31,45,2,34,5,4,8,4
08/04/2020,Gwangju,27,11,16,9,0,1,6,0,0
08/04/2020,Daejeon,39,9,21,2,11,8,0,9,0
08/04/2020,Ulsan,40,9,24,16,1,4,3,7,0
08/04/2020,Sejong,46,3,42,1,38,3,0,1,0
08/04/2020,Gyeonggi,596,128,423,29,295,59,40,45,6
08/04/2020,Gangwon,49,12,30,17,13,0,0,7,2
08/04/2020,"Chung-
buk",45,5,32,6,18,6,2,8,0
08/04/2020,Chung- nam,137,8,120,0,118,1,1,9,0
08/04/2020,Jeonbuk,17,8,4,1,3,0,0,5,1
08/04/2020,Jeonnam,15,7,7,1,3,2,1,1,0
08/04/2020,Gyeong- buk,1320,9,1175,566,417,191,1,136,3
08/04/2020,Gyeong- nam,113,13,83,32,43,7,1,17,1
08/04/2020,Jeju,12,7,1,0,0,0,1,4,0
08/04/2020,Airport,338,338,0,0,0,0,0,0,14
08/04/2020,Total,10384,832,8520,5209,1932,1254,125,1032,53
09/04/2020,Seoul,590,217,347,8,256,19,64,26,12
09/04/2020,Busan,125,15,81,12,50,18,1,29,0
09/04/2020,Daegu,6807,12,6079,4508,645,922,4,716,4
09/04/2020,Incheon,84,33,46,2,34,5,5,5,0
09/04/2020,Gwangju,27,11,16,9,0,1,6,0,0
09/04/2020,Daejeon,39,9,21,2,11,8,0,9,0
09/04/2020,Ulsan,40,9,24,16,1,4,3,7,0
09/04/2020,Sejong,46,3,42,1,38,3,0,1,0
09/04/2020,Gyeonggi,606,134,429,29,297,59,44,43,10
09/04/2020,Gangwon,49,12,30,17,13,0,0,7,0
09/04/2020,"Chung-
buk",45,5,32,6,18,6,2,8,0
09/04/2020,Chung- nam,138,8,120,0,118,1,1,10,1
09/04/2020,Jeonbuk,17,8,4,1,3,0,0,5,0
09/04/2020,Jeonnam,15,7,7,1,3,2,1,1,0
09/04/2020,Gyeong- buk,1320,9,1178,566,420,191,1,133,0
09/04/2020,Gyeong- nam,115,14,84,32,45,6,1,17,2
09/04/2020,Jeju,12,7,1,0,0,0,1,4,0
09/04/2020,Airport,348,348,0,0,0,0,0,0,10
09/04/2020,Total,10423,861,8541,5210,1952,1245,134,1021,39
10/04/2020,Seoul,595,218,350,8,257,20,65,27,5
10/04/2020,Busan,126,15,81,12,50,18,1,30,1
10/04/2020,Daegu,6807,12,6079,4508,646,921,4,716,0
10/04/2020,Incheon,85,34,47,2,34,5,6,4,1
10/04/2020,Gwangju,27,11,16,9,0,1,6,0,0
10/04/2020,Daejeon,39,9,21,2,11,8,0,9,0
10/04/2020,Ulsan,40,9,24,16,1,4,3,7,0
10/04/2020,Sejong,46,3,42,1,38,3,0,1,0
10/04/2020,Gyeonggi,615,135,433,29,299,60,45,47,9
10/04/2020,Gangwon,49,12,30,17,13,0,0,7,0
10/04/2020,"Chung-
buk",45,5,32,6,18,6,2,8,0
10/04/2020,Chung- nam,138,9,120,0,118,1,1,9,0
10/04/2020,Jeonbuk,17,8,4,1,3,0,0,5,0
10/04/2020,Jeonnam,15,7,7,1,3,2,1,1,0
10/04/2020,Gyeong- buk,1327,9,1181,566,421,193,1,137,7
10/04/2020,Gyeong- nam,115,14,84,32,45,6,1,17,0
10/04/2020,Jeju,12,7,1,0,0,0,1,4,0
10/04/2020,Airport,352,352,0,0,0,0,0,0,4
10/04/2020,Total,10450,869,8552,5210,1957,1248,137,1029,27
11/04/2020,Seoul,599,222,349,8,258,18,65,28,4
11/04/2020,Busan,126,15,81,12,50,18,1,30,0
11/04/2020,Daegu,6814,13,6085,4508,651,922,4,716,7
11/04/2020,Incheon,85,34,47,2,34,5,6,4,0
11/04/2020,Gwangju,27,11,16,9,0,1,6,0,0
11/04/2020,Daejeon,39,9,21,2,11,8,0,9,0
11/04/2020,Ulsan,41,10,24,16,1,4,3,7,1
11/04/2020,Sejong,46,3,42,1,38,3,0,1,0
11/04/2020,Gyeonggi,624,140,439,29,302,58,50,45,9
11/04/2020,Gangwon,49,12,30,17,13,0,0,7,0
11/04/2020,"Chung-
buk",45,5,32,6,18,6,2,8,0
11/04/2020,Chung- nam,138,9,120,0,118,1,1,9,0
11/04/2020,Jeonbuk,17,8,4,1,3,0,0,5,0
11/04/2020,Jeonnam,15,7,7,1,3,2,1,1,0
11/04/2020,Gyeong- buk,1330,9,1185,566,427,191,1,136,3
11/04/2020,Gyeong- nam,115,14,84,32,45,6,1,17,0
11/04/2020,Jeju,12,7,1,0,0,0,1,4,0
11/04/2020,Airport,358,358,0,0,0,0,0,0,6
11/04/2020,Total,10480,886,8567,5210,1972,1243,142,1027,30
12/04/2020,Seoul,602,225,350,8,258,19,65,27,3
12/04/2020,Busan,126,15,81,12,50,18,1,30,0
12/04/2020,Daegu,6816,14,6085,4508,651,922,4,717,2
12/04/2020,Incheon,86,35,47,2,34,5,6,4,1
12/04/2020,Gwangju,27,11,16,9,0,1,6,0,0
12/04/2020,Daejeon,39,9,21,2,11,8,0,9,0
12/04/2020,Ulsan,41,10,24,16,1,4,3,7,0
12/04/2020,Sejong,46,3,42,1,38,3,0,1,0
12/04/2020,Gyeonggi,628,143,440,29,302,58,51,45,4
12/04/2020,Gangwon,49,12,30,17,13,0,0,7,0
12/04/2020,"Chung-
buk",45,5,32,6,18,6,2,8,0
12/04/2020,"Chung-
nam",139,9,120,0,118,1,1,10,1
12/04/2020,Jeonbuk,17,8,4,1,3,0,0,5,0
12/04/2020,Jeonnam,15,7,7,1,3,2,1,1,0
12/04/2020,Gyeong- buk,1333,9,1190,566,432,191,1,134,3
12/04/2020,Gyeong- nam,115,14,84,32,45,6,1,17,0
12/04/2020,Jeju,12,7,1,0,0,0,1,4,0
12/04/2020,Airport,376,376,0,0,0,0,0,0,18
12/04/2020,Total,10512,912,8574,5210,1977,1244,143,1026,32
13/04/2020,Seoul,610,233,355,8,262,18,67,22,8
13/04/2020,Busan,126,16,81,12,50,18,1,29,0
13/04/2020,Daegu,6819,14,6088,4508,653,923,4,717,3
13/04/2020,Incheon,87,36,47,2,34,5,6,4,1
13/04/2020,Gwangju,27,11,16,9,0,1,6,0,0
13/04/2020,Daejeon,39,9,21,2,11,8,0,9,0
13/04/2020,Ulsan,41,10,24,16,1,4,3,7,0
13/04/2020,Sejong,46,3,42,1,38,3,0,1,0
13/04/2020,Gyeonggi,631,143,442,29,302,58,53,46,3
13/04/2020,Gangwon,49,12,30,17,13,0,0,7,0
13/04/2020,"Chung-
buk",45,5,32,6,18,6,2,8,0
13/04/2020,Chung- nam,139,10,120,0,118,1,1,9,0
13/04/2020,Jeonbuk,17,8,4,1,3,0,0,5,0
13/04/2020,Jeonnam,15,7,7,1,3,2,1,1,0
13/04/2020,Gyeong- buk,1337,9,1194,566,436,191,1,134,4
13/04/2020,Gyeong- nam,115,14,84,32,45,6,1,17,0
13/04/2020,Jeju,12,7,1,0,0,0,1,4,0
13/04/2020,Airport,382,382,0,0,0,0,0,0,6
13/04/2020,Total,10537,929,8588,5210,1987,1244,147,1020,25
14/04/2020,Seoul,612,233,355,8,262,18,67,24,2
14/04/2020,Busan,126,16,81,12,50,18,1,29,0
14/04/2020,Daegu,6822,15,6090,4509,655,922,4,717,3
14/04/2020,Incheon,88,37,47,2,34,5,6,4,1
14/04/2020,Gwangju,27,11,16,9,0,1,6,0,0
14/04/2020,Daejeon,39,9,21,2,11,8,0,9,0
14/04/2020,Ulsan,42,10,24,16,1,4,3,8,1
14/04/2020,Sejong,46,3,42,1,38,3,0,1,0
14/04/2020,Gyeonggi,639,145,447,29,305,60,53,47,8
14/04/2020,Gangwon,49,12,30,17,13,0,0,7,0
14/04/2020,"Chung-
buk",45,5,32,6,18,6,2,8,0
14/04/2020,Chung- nam,139,10,120,0,118,1,1,9,0
14/04/2020,Jeonbuk,17,8,4,1,3,0,0,5,0
14/04/2020,Jeonnam,15,7,7,1,3,2,1,1,0
14/04/2020,Gyeong- buk,1342,9,1197,566,439,191,1,136,5
14/04/2020,Gyeong- nam,115,14,84,32,45,6,1,17,0
14/04/2020,Jeju,12,7,1,0,0,0,1,4,0
14/04/2020,Airport,389,389,0,0,0,0,0,0,7
14/04/2020,Total,10564,940,8598,5211,1995,1245,147,1026,27
15/04/2020,Seoul,617,238,356,8,262,19,67,23,5
15/04/2020,Busan,127,17,81,12,50,18,1,29,1
15/04/2020,Daegu,6823,16,6090,4509,655,922,4,717,1
15/04/2020,Incheon,88,37,47,2,34,5,6,4,0
15/04/2020,Gwangju,28,11,16,9,0,1,6,1,1
15/04/2020,Daejeon,39,9,21,2,11,8,0,9,0
15/04/2020,Ulsan,42,11,24,16,1,4,3,7,0
15/04/2020,Sejong,46,3,42,1,38,3,0,1,0
15/04/2020,Gyeonggi,645,146,457,29,312,59,57,42,6
15/04/2020,Gangwon,51,13,31,17,14,0,0,7,2
15/04/2020,"Chung-
buk",45,5,32,6,18,6,2,8,0
15/04/2020,Chung- nam,139,10,120,0,118,1,1,9,0
15/04/2020,Jeonbuk,17,8,4,1,3,0,0,5,0
15/04/2020,Jeonnam,15,7,7,1,3,2,1,1,0
15/04/2020,Gyeong- buk,1348,9,1205,566,446,192,1,134,6
15/04/2020,Gyeong- nam,115,14,84,32,45,6,1,17,0
15/04/2020,Jeju,13,8,1,0,0,0,1,4,1
15/04/2020,Airport,393,393,0,0,0,0,0,0,4
15/04/2020,Total,10591,955,8618,5211,2010,1246,151,1018,27
16/04/2020,Seoul,619,239,357,8,262,18,69,23,2
16/04/2020,Busan,130,20,81,12,50,18,1,29,3
16/04/2020,Daegu,6827,16,6094,4509,659,922,4,717,4
16/04/2020,Incheon,88,37,47,2,34,5,6,4,0
16/04/2020,Gwangju,28,12,16,9,0,1,6,0,0
16/04/2020,Daejeon,39,9,21,2,11,8,0,9,0
16/04/2020,Ulsan,42,11,24,16,1,4,3,7,0
16/04/2020,Sejong,46,3,42,1,38,3,0,1,0
16/04/2020,Gyeonggi,649,149,458,29,313,58,58,42,4
16/04/2020,Gangwon,52,13,32,17,15,0,0,7,1
16/04/2020,"Chung-
buk",45,5,32,6,18,6,2,8,0
16/04/2020,Chung- nam,139,10,120,0,118,1,1,9,0
16/04/2020,Jeonbuk,17,8,4,1,3,0,0,5,0
16/04/2020,Jeonnam,15,7,7,1,3,2,1,1,0
16/04/2020,Gyeong- buk,1352,9,1209,566,451,191,1,134,4
16/04/2020,Gyeong- nam,115,14,84,32,45,6,1,17,0
16/04/2020,Jeju,13,8,1,0,0,0,1,4,0
16/04/2020,Airport,397,397,0,0,0,0,0,0,4
16/04/2020,Total,10613,967,8629,5211,2021,1243,154,1017,22
17/04/2020,Seoul,621,241,357,8,262,18,69,23,2
17/04/2020,Busan,130,20,81,12,50,18,1,29,0
17/04/2020,Daegu,6827,16,6092,4509,657,922,4,719,0
17/04/2020,Incheon,89,37,48,2,34,5,7,4,1
17/04/2020,Gwangju,30,14,16,9,0,1,6,0,2
17/04/2020,Daejeon,40,9,21,2,11,8,0,10,1
17/04/2020,Ulsan,42,11,24,16,1,4,3,7,0
17/04/2020,Sejong,46,3,42,1,38,3,0,1,0
17/04/2020,Gyeonggi,650,150,459,29,314,55,61,41,1
17/04/2020,Gangwon,52,13,32,17,15,0,0,7,0
17/04/2020,"Chung-
buk",45,5,32,6,18,6,2,8,0
17/04/2020,Chung- nam,139,10,120,0,118,1,1,9,0
17/04/2020,Jeonbuk,17,8,4,1,3,0,0,5,0
17/04/2020,Jeonnam,15,7,7,1,3,2,1,1,0
17/04/2020,Gyeong- buk,1356,9,1213,566,455,191,1,134,4
17/04/2020,Gyeong- nam,115,14,84,32,45,6,1,17,0
17/04/2020,Jeju,13,8,1,0,0,0,1,4,0
17/04/2020,Airport,408,408,0,0,0,0,0,0,11
17/04/2020,Total,10635,983,8633,5211,2024,1240,158,1019,22
18/04/2020,Seoul,622,242,358,8,262,18,70,22,1
18/04/2020,Busan,130,20,81,12,50,18,1,29,0
18/04/2020,Daegu,6830,16,6094,4509,659,922,4,720,3
18/04/2020,Incheon,90,39,47,2,34,5,6,4,1
18/04/2020,Gwangju,30,14,16,9,0,1,6,0,0
18/04/2020,Daejeon,39,9,21,2,11,8,0,9,-1
18/04/2020,Ulsan,42,11,24,16,1,4,3,7,0
18/04/2020,Sejong,46,3,42,1,38,3,0,1,0
18/04/2020,Gyeonggi,654,150,463,29,317,55,62,41,4
18/04/2020,Gangwon,53,14,32,17,15,0,0,7,1
18/04/2020,"Chung-
buk",45,5,32,6,18,6,2,8,0
18/04/2020,"Chung-
nam",141,11,120,0,118,1,1,10,2
18/04/2020,Jeonbuk,17,8,4,1,3,0,0,5,0
18/04/2020,Jeonnam,15,7,7,1,3,2,1,1,0
18/04/2020,Gyeong- buk,1358,10,1215,566,457,191,1,133,2
18/04/2020,Gyeong- nam,116,14,85,33,45,6,1,17,1
18/04/2020,Jeju,13,8,1,0,0,0,1,4,0
18/04/2020,Airport,412,412,0,0,0,0,0,0,4
18/04/2020,Total,10653,993,8642,5212,2031,1240,159,1018,18
19/04/2020,Seoul,624,243,359,8,262,18,71,22,2
19/04/2020,Busan,130,20,81,12,50,18,1,29,0
19/04/2020,Daegu,6832,17,6094,4510,659,921,4,721,2
19/04/2020,Incheon,91,40,47,2,34,5,6,4,1
19/04/2020,Gwangju,30,14,16,9,0,1,6,0,0
19/04/2020,Daejeon,39,9,21,2,11,8,0,9,0
19/04/2020,Ulsan,42,11,24,16,1,4,3,7,0
19/04/2020,Sejong,46,3,42,1,38,3,0,1,0
19/04/2020,Gyeonggi,654,150,463,29,317,55,62,41,0
19/04/2020,Gangwon,53,14,32,17,15,0,0,7,0
19/04/2020,"Chung-
buk",45,5,32,6,18,6,2,8,0
19/04/2020,Chung- nam,141,11,120,0,118,1,1,10,0
19/04/2020,Jeonbuk,17,8,4,1,3,0,0,5,0
19/04/2020,"Jeonna
m",15,7,7,1,3,2,1,1,0
19/04/2020,Gyeong- buk,1359,10,1216,566,458,191,1,133,1
19/04/2020,Gyeong- nam,116,14,84,32,45,6,1,18,0
19/04/2020,Jeju,13,8,1,0,0,0,1,4,0
19/04/2020,Airport,414,414,0,0,0,0,0,0,2
19/04/2020,Total,10661,998,8643,5212,2032,1239,160,1020,8
20/04/2020,Seoul,624,244,357,8,262,18,69,23,0
20/04/2020,Busan,132,20,81,12,50,18,1,31,2
20/04/2020,Daegu,6833,17,6095,4510,659,922,4,721,1
20/04/2020,Incheon,92,41,47,2,34,5,6,4,1
20/04/2020,Gwangju,30,14,16,9,0,1,6,0,0
20/04/2020,Daejeon,39,9,21,2,11,8,0,9,0
20/04/2020,Ulsan,43,12,24,16,1,4,3,7,1
20/04/2020,Sejong,46,3,42,1,38,3,0,1,0
20/04/2020,Gyeonggi,656,151,464,29,318,55,62,41,2
20/04/2020,Gangwon,53,14,32,17,15,0,0,7,0
20/04/2020,"Chung-
buk",45,5,32,6,18,6,2,8,0
20/04/2020,Chung- nam,141,11,120,0,118,1,1,10,0
20/04/2020,Jeonbuk,17,8,4,1,3,0,0,5,0
20/04/2020,Jeonnam,15,7,7,1,3,2,1,1,0
20/04/2020,Gyeong- buk,1361,10,1217,566,460,191,0,134,2
20/04/2020,Gyeong- nam,116,14,84,32,45,6,1,18,0
20/04/2020,Jeju,13,8,1,0,0,0,1,4,0
20/04/2020,Airport,418,418,0,0,0,0,0,0,4
20/04/2020,Total,10674,1006,8644,5212,2035,1240,157,1024,13
21/04/2020,Seoul,626,245,357,8,262,18,69,24,2
21/04/2020,Busan,132,20,82,12,50,19,1,30,0
21/04/2020,Daegu,6835,17,6097,4510,661,922,4,721,2
21/04/2020,Incheon,92,41,47,2,34,5,6,4,0
21/04/2020,Gwangju,30,14,16,9,0,1,6,0,0
21/04/2020,Daejeon,39,9,21,2,11,8,0,9,0
21/04/2020,Ulsan,43,12,24,16,1,4,3,7,0
21/04/2020,Sejong,46,3,42,1,38,3,0,1,0
21/04/2020,Gyeonggi,658,152,465,29,318,56,62,41,2
21/04/2020,Gangwon,53,14,32,17,15,0,0,7,0
21/04/2020,"Chung-
buk",45,5,32,6,18,6,2,8,0
21/04/2020,Chung- nam,141,11,120,0,118,1,1,10,0
21/04/2020,Jeonbuk,17,8,4,1,3,0,0,5,0
21/04/2020,Jeonnam,15,7,7,1,3,2,1,1,0
21/04/2020,Gyeong- buk,1361,10,1217,566,460,191,0,134,0
21/04/2020,Gyeong- nam,116,14,84,32,45,6,1,18,0
21/04/2020,Jeju,13,8,1,0,0,0,1,4,0
21/04/2020,Airport,421,421,0,0,0,0,0,0,3
21/04/2020,Total,10683,1011,8648,5212,2037,1242,157,1024,9
22/04/2020,Seoul,628,247,357,8,262,18,69,24,2
22/04/2020,Busan,134,21,84,12,53,18,1,29,2
22/04/2020,Daegu,6836,17,6098,4510,661,923,4,721,1
22/04/2020,Incheon,92,41,47,2,34,5,6,4,0
22/04/2020,Gwangju,30,14,16,9,0,1,6,0,0
22/04/2020,Daejeon,40,10,21,2,11,8,0,9,1
22/04/2020,Ulsan,43,12,24,16,1,4,3,7,0
22/04/2020,Sejong,46,3,42,1,38,3,0,1,0
22/04/2020,Gyeonggi,658,152,465,29,319,55,62,41,0
22/04/2020,Gangwon,53,14,32,17,15,0,0,7,0
22/04/2020,"Chung-
buk",45,5,32,6,18,6,2,8,0
22/04/2020,Chung- nam,141,11,120,0,118,1,1,10,0
22/04/2020,Jeonbuk,17,8,4,1,3,0,0,5,0
22/04/2020,Jeonnam,15,7,7,1,3,2,1,1,0
22/04/2020,Gyeong- buk,1363,10,1218,566,460,192,0,135,2
22/04/2020,Gyeong- nam,117,14,85,32,46,6,1,18,1
22/04/2020,Jeju,13,8,1,0,0,0,1,4,0
22/04/2020,Airport,423,423,0,0,0,0,0,0,2
22/04/2020,Total,10694,1017,8653,5212,2042,1242,157,1024,11
23/04/2020,Seoul,628,247,357,8,262,18,69,24,0
23/04/2020,Busan,135,22,84,12,53,18,1,29,1
23/04/2020,Daegu,6840,18,6100,4510,662,924,4,722,4
23/04/2020,Incheon,92,41,47,2,34,5,6,4,0
23/04/2020,Gwangju,30,14,16,9,0,1,6,0,0
23/04/2020,Daejeon,40,10,21,2,11,8,,9,0
23/04/2020,Ulsan,43,12,24,16,1,4,3,7,0
23/04/2020,Sejong,46,3,42,1,38,3,0,1,0
23/04/2020,Gyeonggi,659,152,466,29,320,55,62,41,1
23/04/2020,Gangwon,53,14,32,17,15,0,0,7,0
23/04/2020,"Chung-
buk",45,5,32,6,18,6,2,8,0
23/04/2020,Chung- nam,141,11,120,0,118,1,1,10,0
23/04/2020,Jeonbuk,17,8,4,1,3,0,0,5,0
23/04/2020,Jeonnam,15,7,7,1,3,2,1,1,0
23/04/2020,Gyeong- buk,1363,10,1219,566,461,192,0,134,0
23/04/2020,Gyeong- nam,117,14,85,32,46,6,1,18,0
23/04/2020,Jeju,13,8,1,0,0,0,1,4,0
23/04/2020,Airport,425,425,0,0,0,0,0,0,2
23/04/2020,Total,10702,1021,8657,5212,2045,1243,157,1024,8
24/04/2020,Seoul,628,247,357,8,262,18,69,24,0
24/04/2020,Busan,136,23,84,12,53,18,1,29,1
24/04/2020,Daegu,6842,18,6102,4510,662,926,4,722,2
24/04/2020,Incheon,92,41,47,2,34,5,6,4,0
24/04/2020,Gwangju,30,14,16,9,0,1,6,0,0
24/04/2020,Daejeon,40,10,21,2,11,8,0,9,0
24/04/2020,Ulsan,43,12,24,16,1,4,3,7,0
24/04/2020,Sejong,46,3,42,1,38,3,0,1,0
24/04/2020,Gyeonggi,660,152,466,29,320,55,62,42,1
24/04/2020,Gangwon,53,14,32,17,15,0,0,7,0
24/04/2020,"Chung-
buk",45,5,32,6,18,6,2,8,0
24/04/2020,Chung- nam,141,11,120,0,118,1,1,10,0
24/04/2020,Jeonbuk,17,8,4,1,3,0,0,5,0
24/04/2020,Jeonnam,15,7,7,1,3,2,1,1,0
24/04/2020,Gyeong- buk,1364,10,1219,566,461,192,0,135,1
24/04/2020,Gyeong- nam,117,14,85,32,46,6,1,18,0
24/04/2020,Jeju,13,8,1,0,0,0,1,4,0
24/04/2020,Airport,426,426,0,0,0,0,0,0,1
24/04/2020,Total,10708,1023,8659,5212,2045,1245,157,1026,6
25/04/2020,Seoul,629,247,357,8,262,18,69,25,1
25/04/2020,Busan,136,23,84,12,53,18,1,29,0
25/04/2020,Daegu,6845,18,6102,4510,662,926,4,725,3
25/04/2020,Incheon,92,41,47,2,34,5,6,4,0
25/04/2020,Gwangju,30,14,16,9,0,1,6,0,0
25/04/2020,Daejeon,40,10,21,2,11,8,0,9,0
25/04/2020,Ulsan,43,12,24,16,1,4,3,7,0
25/04/2020,Sejong,46,3,42,1,38,3,0,1,0
25/04/2020,Gyeonggi,662,152,468,29,320,57,62,42,2
25/04/2020,Gangwon,53,14,32,17,15,0,0,7,0
25/04/2020,"Chung-
buk",45,5,32,6,18,6,2,8,0
25/04/2020,Chung- nam,141,11,120,0,118,1,1,10,0
25/04/2020,Jeonbuk,17,8,4,1,3,0,0,5,0
25/04/2020,Jeonnam,15,7,7,1,3,2,1,1,0
25/04/2020,Gyeong- buk,1364,10,1220,566,462,192,0,134,0
25/04/2020,Gyeong- nam,117,14,85,32,46,6,1,18,0
25/04/2020,Jeju,13,8,1,0,0,0,1,4,0
25/04/2020,Airport,430,430,0,0,0,0,0,0,4
25/04/2020,Total,10718,1027,8662,5212,2046,1247,157,1029,10
26/04/2020,Seoul,629,248,357,8,262,18,69,24,0
26/04/2020,Busan,137,24,84,12,53,18,1,29,1
26/04/2020,Daegu,6846,18,6103,4510,662,927,4,725,1
26/04/2020,Incheon,92,41,47,2,34,5,6,4,0
26/04/2020,Gwangju,30,14,16,9,0,1,6,0,0
26/04/2020,Daejeon,40,10,21,2,11,8,0,9,0
26/04/2020,Ulsan,43,12,24,16,1,4,3,7,0
26/04/2020,Sejong,46,3,42,1,38,3,0,1,0
26/04/2020,Gyeonggi,668,158,468,29,320,57,62,42,6
26/04/2020,Gangwon,53,14,32,17,15,0,0,7,0
26/04/2020,"Chung-
buk",45,5,32,6,18,6,2,8,0
26/04/2020,"Chung-
nam",141,11,120,0,118,1,1,10,0
26/04/2020,Jeonbuk,18,9,4,1,3,0,0,5,1
26/04/2020,Jeonnam,15,7,7,1,3,2,1,1,0
26/04/2020,Gyeong- buk,1364,10,1220,566,462,192,0,134,0
26/04/2020,Gyeong- nam,117,14,85,32,46,6,1,18,0
26/04/2020,Jeju,13,8,1,0,0,0,1,4,0
26/04/2020,Airport,431,431,0,0,0,0,0,0,1
26/04/2020,Total,10728,1037,8663,5212,2046,1248,157,1028,10
27/04/2020,Seoul,629,248,357,8,262,18,69,24,0
27/04/2020,Busan,137,24,84,12,53,18,1,29,0
27/04/2020,Daegu,6847,18,6105,4510,662,929,4,724,1
27/04/2020,Incheon,92,41,47,2,34,5,6,4,0
27/04/2020,Gwangju,30,14,16,9,0,1,6,0,0
27/04/2020,Daejeon,40,10,21,2,11,8,0,9,0
27/04/2020,Ulsan,43,12,24,16,1,4,3,7,0
27/04/2020,Sejong,46,3,42,1,38,3,0,1,0
27/04/2020,Gyeonggi,671,159,470,29,320,59,62,42,3
27/04/2020,Gangwon,53,14,32,17,15,0,0,7,0
27/04/2020,"Chung-
buk",45,5,32,6,18,6,2,8,0
27/04/2020,Chung- nam,142,12,120,0,118,1,1,10,1
27/04/2020,Jeonbuk,18,9,4,1,3,0,0,5,0
27/04/2020,Jeonnam,15,7,7,1,3,2,1,1,0
27/04/2020,Gyeong- buk,1364,10,1220,566,462,192,0,134,0
27/04/2020,Gyeong- nam,117,14,85,32,46,6,1,18,0
27/04/2020,Jeju,13,8,1,0,0,0,1,4,0
27/04/2020,Airport,436,436,0,0,0,0,0,0,5
27/04/2020,Total,10738,1044,8667,5212,2046,1252,157,1027,10
28/04/2020,Seoul,633,252,357,8,262,18,69,24,4
28/04/2020,Busan,137,24,84,12,53,18,1,29,0
28/04/2020,Daegu,6849,20,6105,4510,663,928,4,724,2
28/04/2020,Incheon,93,41,48,2,34,5,7,4,1
28/04/2020,Gwangju,30,14,16,9,0,1,6,0,0
28/04/2020,Daejeon,40,10,21,2,11,8,0,9,0
28/04/2020,Ulsan,43,12,24,16,1,4,3,7,0
28/04/2020,Sejong,46,3,42,1,38,3,0,1,0
28/04/2020,Gyeonggi,674,162,470,29,322,57,62,42,3
28/04/2020,Gangwon,53,14,32,17,15,0,0,7,0
28/04/2020,"Chung-
buk",45,5,32,6,18,6,2,8,0
28/04/2020,Chung- nam,142,12,120,0,118,1,1,10,0
28/04/2020,Jeonbuk,18,9,4,1,3,0,0,5,0
28/04/2020,Jeonnam,15,7,7,1,3,2,1,1,0
28/04/2020,Gyeong- buk,1365,10,1221,566,463,192,0,134,1
28/04/2020,Gyeong- nam,117,14,85,32,46,6,1,18,0
28/04/2020,Jeju,13,8,1,0,0,0,1,4,0
28/04/2020,Airport,439,439,0,0,0,0,0,0,3
28/04/2020,Total,10752,1056,8669,5212,2050,1249,158,1027,14
29/04/2020,Seoul,633,252,357,8,262,18,69,24,0
29/04/2020,Busan,137,24,84,12,53,18,1,29,0
29/04/2020,Daegu,6852,20,6108,4510,665,929,4,724,3
29/04/2020,Incheon,93,41,48,2,34,5,7,4,0
29/04/2020,Gwangju,30,14,16,9,0,1,6,0,0
29/04/2020,Daejeon,40,10,21,2,11,8,0,9,0
29/04/2020,Ulsan,43,12,24,16,1,4,3,7,0
29/04/2020,Sejong,46,3,42,1,38,3,0,1,0
29/04/2020,Gyeonggi,676,163,470,29,322,57,62,43,2
29/04/2020,Gangwon,53,14,32,17,15,0,0,7,0
29/04/2020,"Chung-
buk",45,5,32,6,18,6,2,8,0
29/04/2020,Chung- nam,143,13,120,0,118,1,1,10,1
29/04/2020,Jeonbuk,18,9,4,1,3,0,0,5,0
29/04/2020,Jeonnam,15,7,5,1,1,2,1,3,0
29/04/2020,Gyeong- buk,1365,10,1221,566,463,192,0,134,0
29/04/2020,Gyeong- nam,117,14,85,32,46,6,1,18,0
29/04/2020,Jeju,13,8,1,0,0,0,1,4,0
29/04/2020,Airport,442,442,0,0,0,0,0,0,3
29/04/2020,Total,10761,1061,8670,5212,2050,1250,158,1030,9
30/04/2020,Seoul,633,252,357,8,262,18,69,24,0
30/04/2020,Busan,137,24,84,12,53,18,1,29,0
30/04/2020,Daegu,6852,20,6108,4510,665,929,4,724,0
30/04/2020,Incheon,93,41,48,2,34,5,7,4,0
30/04/2020,Gwangju,30,14,16,9,0,1,6,0,0
30/04/2020,Daejeon,40,10,21,2,11,8,0,9,0
30/04/2020,Ulsan,43,12,24,16,1,4,3,7,0
30/04/2020,Sejong,46,3,42,1,38,3,0,1,0
30/04/2020,Gyeonggi,676,163,470,29,322,57,62,43,0
30/04/2020,Gangwon,53,14,32,17,15,0,0,7,0
30/04/2020,"Chung-
buk",45,5,32,6,18,6,2,8,0
30/04/2020,Chung- nam,143,13,120,0,118,1,1,10,0
30/04/2020,Jeonbuk,18,9,4,1,3,0,0,5,0
30/04/2020,Jeonnam,15,7,5,1,1,2,1,3,0
30/04/2020,Gyeong- buk,1365,10,1221,566,463,192,0,134,0
30/04/2020,Gyeong- nam,117,14,85,32,46,6,1,18,0
30/04/2020,Jeju,13,8,1,0,0,0,1,4,0
30/04/2020,Airport,446,446,0,0,0,0,0,0,4
30/04/2020,Total,10765,1065,8670,5212,2050,1250,158,1030,4
01/05/2020,Seoul,634,253,357,8,262,18,69,24,1
01/05/2020,Busan,137,24,84,12,53,18,1,29,0
01/05/2020,Daegu,6852,20,6108,4510,665,929,4,724,0
01/05/2020,Incheon,94,42,48,2,34,5,7,4,1
01/05/2020,Gwangju,30,14,16,9,0,1,6,0,0
01/05/2020,Daejeon,40,10,21,2,11,8,0,9,0
01/05/2020,Ulsan,43,12,24,16,1,4,3,7,0
01/05/2020,Sejong,46,3,42,1,38,3,0,1,0
01/05/2020,Gyeonggi,678,165,470,29,322,57,62,43,2
01/05/2020,Gangwon,53,14,32,17,15,0,0,7,0
01/05/2020,"Chung-
buk",45,5,32,6,18,6,2,8,0
01/05/2020,Chung- nam,143,13,120,,118,1,1,10,0
01/05/2020,Jeonbuk,18,9,4,1,3,0,0,5,0
01/05/2020,Jeonnam,15,7,5,1,1,2,1,3,0
01/05/2020,Gyeong- buk,1366,10,1222,566,464,192,0,134,1
01/05/2020,Gyeong- nam,117,14,85,32,46,6,1,18,0
01/05/2020,Jeju,13,8,1,0,0,0,1,4,0
01/05/2020,Airport,450,450,0,0,0,0,0,0,4
01/05/2020,Total,10774,1073,8671,5212,2051,1250,158,1030,9
02/05/2020,Seoul,635,255,357,8,264,16,69,23,1
02/05/2020,Busan,138,25,84,12,53,18,1,29,1
02/05/2020,Daegu,6852,20,6108,4510,665,929,4,724,0
02/05/2020,Incheon,95,43,48,2,34,5,7,4,1
02/05/2020,Gwangju,30,14,16,9,0,1,6,0,0
02/05/2020,Daejeon,40,10,21,2,11,8,0,9,0
02/05/2020,Ulsan,43,12,24,16,1,4,3,7,0
02/05/2020,Sejong,46,3,42,1,38,3,0,1,0
02/05/2020,Gyeonggi,678,165,470,29,327,52,62,43,0
02/05/2020,Gangwon,53,14,32,17,15,0,0,7,0
02/05/2020,"Chung-
buk",45,5,32,6,18,6,2,8,0
02/05/2020,Chung- nam,143,13,120,0,118,1,1,10,0
02/05/2020,Jeonbuk,18,9,4,1,3,0,0,5,0
02/05/2020,Jeonnam,15,7,5,1,1,2,1,3,0
02/05/2020,Gyeong- buk,1366,11,1222,566,464,192,0,133,0
02/05/2020,Gyeong- nam,117,14,85,32,46,6,1,18,0
02/05/2020,Jeju,13,8,1,0,0,0,1,4,0
02/05/2020,Airport,453,453,0,0,0,0,0,0,3
02/05/2020,Total,10780,1081,8671,5212,2058,1243,158,1028,6
03/05/2020,Seoul,637,257,357,8,264,16,69,23,2
03/05/2020,Busan,138,25,84,12,53,18,1,29,0
03/05/2020,Daegu,6856,21,6109,4510,666,929,4,726,4
03/05/2020,Incheon,95,43,48,2,34,5,7,4,0
03/05/2020,Gwangju,30,14,16,9,0,1,6,0,0
03/05/2020,Daejeon,40,10,21,2,11,8,0,9,0
03/05/2020,Ulsan,43,12,24,16,1,4,3,7,0
03/05/2020,Sejong,46,3,42,1,38,3,0,1,0
03/05/2020,Gyeonggi,680,167,470,29,327,52,62,43,2
03/05/2020,Gangwon,53,14,32,17,15,0,0,7,0
03/05/2020,"Chung-
buk",45,5,32,6,18,6,2,8,0
03/05/2020,Chung- nam,143,13,120,0,118,1,1,10,0
03/05/2020,Jeonbuk,18,9,4,1,3,0,0,5,0
03/05/2020,Jeonnam,15,7,5,1,1,2,1,3,0
03/05/2020,Gyeong- buk,1366,11,1222,566,464,192,0,133,0
03/05/2020,Gyeong- nam,117,14,85,32,46,6,1,18,0
03/05/2020,Jeju,13,8,1,0,0,0,1,4,0
03/05/2020,Airport,458,458,0,0,0,0,0,0,5
03/05/2020,Total,10793,1091,8672,5212,2059,1243,158,1030,13
04/05/2020,Seoul,637,257,357,8,264,16,69,23,0
04/05/2020,Busan,138,25,84,12,53,18,1,29,0
04/05/2020,Daegu,6856,21,6116,4510,677,925,4,719,0
04/05/2020,Incheon,96,44,48,2,34,5,7,4,1
04/05/2020,Gwangju,30,14,16,9,0,1,6,0,0
04/05/2020,Daejeon,40,10,21,2,11,8,0,9,0
04/05/2020,Ulsan,44,13,24,16,2,3,3,7,1
04/05/2020,Sejong,46,3,42,1,38,3,0,1,0
04/05/2020,Gyeonggi,681,168,470,29,327,52,62,43,1
04/05/2020,Gangwon,53,14,32,17,15,0,0,7,0
04/05/2020,"Chung-
buk",45,5,32,6,18,6,2,8,0
04/05/2020,Chung- nam,143,13,120,0,118,1,1,10,0
04/05/2020,Jeonbuk,18,9,4,1,3,0,0,5,0
04/05/2020,Jeonnam,16,8,5,1,1,2,1,3,1
04/05/2020,Gyeong- buk,1366,11,1224,566,466,192,0,131,0
04/05/2020,Gyeong- nam,117,14,85,32,46,6,1,18,0
04/05/2020,Jeju,13,8,1,0,0,0,1,4,0
04/05/2020,Airport,462,462,0,0,0,0,0,0,4
04/05/2020,Total,10801,1099,8681,5212,2073,1238,158,1021,8
05/05/2020,Seoul,637,257,357,8,264,16,69,23,0
05/05/2020,Busan,138,25,84,12,53,18,1,29,0
05/05/2020,Daegu,6856,21,6116,4510,677,925,4,719,0
05/05/2020,Incheon,97,45,48,2,34,5,7,4,1
05/05/2020,Gwangju,30,14,16,9,0,1,6,0,0
05/05/2020,Daejeon,40,10,21,2,11,8,0,9,0
05/05/2020,Ulsan,44,13,24,16,2,3,3,7,0
05/05/2020,Sejong,46,3,42,1,38,3,0,1,0
05/05/2020,Gyeonggi,681,168,470,29,327,52,62,43,0
05/05/2020,Gangwon,53,14,32,17,15,0,0,7,0
05/05/2020,"Chung-
buk",45,5,32,6,18,6,2,8,0
05/05/2020,Chung- nam,143,13,120,0,118,1,1,10,0
05/05/2020,Jeonbuk,18,9,4,1,3,0,0,5,0
05/05/2020,Jeonnam,16,8,5,1,1,2,1,3,0
05/05/2020,Gyeong- buk,1366,11,1224,566,466,192,0,131,0
05/05/2020,"Gyeong-
nam",117,14,85,32,46,6,1,18,0
05/05/2020,Jeju,13,8,1,0,0,0,1,4,0
05/05/2020,Airport,464,464,0,0,0,0,0,0,2
05/05/2020,Total,10804,1102,8681,5212,2073,1238,158,1021,3
06/05/2020,Seoul,637,257,357,8,264,16,69,23,0
06/05/2020,Busan,138,25,84,12,53,18,1,29,0
06/05/2020,Daegu,6856,21,6116,4510,679,923,4,719,0
06/05/2020,Incheon,97,45,48,2,34,5,7,4,0
06/05/2020,Gwangju,30,14,16,9,0,1,6,0,0
06/05/2020,Daejeon,40,10,21,2,11,8,0,9,0
06/05/2020,Ulsan,44,13,24,16,2,3,3,7,0
06/05/2020,Sejong,46,3,42,1,38,3,0,1,0
06/05/2020,Gyeonggi,681,168,470,29,327,52,62,43,0
06/05/2020,Gangwon,53,14,32,17,15,0,0,7,0
06/05/2020,"Chung-
buk",45,5,32,6,18,6,2,8,0
06/05/2020,Chung- nam,143,13,120,0,118,1,1,10,0
06/05/2020,Jeonbuk,18,9,4,1,3,0,0,5,0
06/05/2020,Jeonnam,16,8,5,1,1,2,1,3,0
06/05/2020,Gyeong- buk,1366,11,1224,566,468,190,0,131,0
06/05/2020,Gyeong- nam,117,14,85,32,46,6,1,18,0
06/05/2020,Jeju,13,8,1,0,0,0,1,4,0
06/05/2020,Airport,466,466,0,0,0,0,0,0,2
06/05/2020,Total,10806,1104,8681,5212,2077,1234,158,1021,2
07/05/2020,Seoul,637,257,357,8,264,16,69,23,0
07/05/2020,Busan,138,25,84,12,53,18,1,29,0
07/05/2020,Daegu,6856,21,6115,4510,678,923,4,720,0
07/05/2020,Incheon,97,45,48,2,34,5,7,4,0
07/05/2020,Gwangju,30,14,16,9,0,1,6,0,0
07/05/2020,Daejeon,41,11,21,2,11,8,0,9,1
07/05/2020,Ulsan,44,13,24,16,2,3,3,7,0
07/05/2020,Sejong,46,3,42,1,38,3,0,1,0
07/05/2020,Gyeonggi,682,168,470,29,327,52,62,44,1
07/05/2020,Gangwon,53,14,32,17,15,0,0,7,0
07/05/2020,"Chung-
buk",46,6,32,6,18,6,2,8,1
07/05/2020,Chung- nam,143,13,120,0,118,1,1,10,0
07/05/2020,Jeonbuk,18,9,4,1,3,0,0,5,0
07/05/2020,Jeonnam,16,8,5,1,1,2,1,3,0
07/05/2020,Gyeong- buk,1366,11,1224,566,468,190,0,131,0
07/05/2020,Gyeong- nam,117,14,85,32,46,6,1,18,0
07/05/2020,Jeju,13,8,1,0,0,0,1,4,0
07/05/2020,Airport,467,467,0,0,0,0,0,0,1
07/05/2020,Total,10810,1107,8680,5212,2076,1234,158,1023,4
08/05/2020,Seoul,637,257,357,8,264,16,69,23,0
08/05/2020,Busan,140,27,84,12,53,18,1,29,2
08/05/2020,Daegu,6859,24,6115,4510,678,923,4,720,3
08/05/2020,Incheon,97,45,48,2,34,5,7,4,0
08/05/2020,Gwangju,30,14,16,9,0,1,6,0,0
08/05/2020,Daejeon,41,11,21,2,11,8,0,9,0
08/05/2020,Ulsan,44,13,24,16,2,3,3,7,0
08/05/2020,Sejong,46,3,42,1,38,3,0,1,0
08/05/2020,Gyeonggi,684,169,471,29,327,53,62,44,2
08/05/2020,Gangwon,53,14,32,17,15,0,0,7,0
08/05/2020,"Chung-
buk",47,7,32,6,18,6,2,8,1
08/05/2020,Chung- nam,143,13,120,0,118,1,1,10,0
08/05/2020,Jeonbuk,19,10,4,1,3,0,0,5,1
08/05/2020,Jeonnam,16,8,5,1,1,2,1,3,0
08/05/2020,Gyeong- buk,1366,11,1224,566,468,190,0,131,0
08/05/2020,Gyeong- nam,117,14,85,32,46,6,1,18,0
08/05/2020,Jeju,13,8,1,0,0,0,1,4,0
08/05/2020,Airport,470,470,0,0,0,0,0,0,3
08/05/2020,Total,10822,1118,8681,5212,2076,1235,158,1023,12
09/05/2020,Seoul,649,257,369,8,276,16,69,23,12
09/05/2020,Busan,141,27,85,12,54,18,1,29,1
09/05/2020,Daegu,6859,24,6115,4510,678,923,4,720,0
09/05/2020,Incheon,98,45,49,2,35,5,7,4,1
09/05/2020,Gwangju,30,14,16,9,0,1,6,0,0
09/05/2020,Daejeon,41,11,21,2,11,8,0,9,0
09/05/2020,Ulsan,44,13,24,16,2,3,3,7,0
09/05/2020,Sejong,46,3,42,1,38,3,0,1,0
09/05/2020,Gyeonggi,688,170,474,29,330,53,62,44,4
09/05/2020,Gangwon,53,14,32,17,15,0,0,7,0
09/05/2020,"Chung-
buk",47,7,32,6,18,6,2,8,0
09/05/2020,Chung- nam,143,13,120,0,118,1,1,10,0
09/05/2020,Jeonbuk,19,10,4,1,3,0,0,5,0
09/05/2020,Jeonnam,16,8,5,1,1,2,1,3,0
09/05/2020,Gyeong- buk,1366,11,1224,566,468,190,0,131,0
09/05/2020,Gyeong- nam,117,14,85,32,46,6,1,18,0
09/05/2020,Jeju,13,8,1,0,0,0,1,4,0
09/05/2020,Airport,470,470,0,0,0,0,0,0,0
09/05/2020,Total,10840,1119,8698,5212,2093,1235,158,1023,18
10/05/2020,Seoul,663,259,381,8,288,16,69,23,14
10/05/2020,Busan,141,27,85,12,54,18,1,29,0
10/05/2020,Daegu,6861,24,6115,4510,678,923,4,722,2
10/05/2020,Incheon,101,45,52,2,38,5,7,4,3
10/05/2020,Gwangju,30,14,16,9,0,1,6,0,0
10/05/2020,Daejeon,41,11,21,2,11,8,0,9,0
10/05/2020,Ulsan,44,13,24,16,2,3,3,7,0
10/05/2020,Sejong,46,3,42,1,38,3,0,1,0
10/05/2020,Gyeonggi,694,170,480,29,337,52,62,44,6
10/05/2020,Gangwon,53,14,32,17,15,0,0,7,0
10/05/2020,"Chung-
buk",49,7,34,6,20,6,2,8,2
10/05/2020,Chung- nam,143,13,120,,118,1,1,10,0
10/05/2020,Jeonbuk,19,10,4,1,3,0,0,5,0
10/05/2020,Jeonnam,16,8,5,1,1,2,1,3,0
10/05/2020,Gyeong- buk,1366,11,1224,566,468,190,0,131,0
10/05/2020,Gyeong- nam,117,14,85,32,46,6,1,18,0
10/05/2020,Jeju,14,8,2,0,1,0,1,4,1
10/05/2020,Airport,476,476,0,0,0,0,0,0,6
10/05/2020,Total,10874,1127,8722,5212,2118,1234,158,1025,34
11/05/2020,Seoul,683,259,401,8,308,16,69,23,20
11/05/2020,Busan,141,27,85,12,54,18,1,29,0
11/05/2020,Daegu,6861,24,6115,4510,678,923,4,722,0
11/05/2020,Incheon,104,46,54,2,40,5,7,4,3
11/05/2020,Gwangju,30,14,16,9,0,1,6,0,0
11/05/2020,Daejeon,41,11,21,2,11,8,0,9,0
11/05/2020,Ulsan,44,13,24,16,2,3,3,7,0
11/05/2020,Sejong,47,4,42,1,38,3,0,1,1
11/05/2020,Gyeonggi,698,170,484,29,341,52,62,44,4
11/05/2020,Gangwon,54,15,32,17,15,0,0,7,1
11/05/2020,"Chung-
buk",52,7,37,6,23,6,2,8,3
11/05/2020,Chung- nam,143,13,120,0,118,1,1,10,0
11/05/2020,Jeonbuk,19,10,4,1,3,0,0,5,0
11/05/2020,Jeonnam,16,8,5,1,1,2,1,3,0
11/05/2020,Gyeong- buk,1366,11,1224,566,468,190,0,131,0
11/05/2020,Gyeong- nam,117,14,85,32,46,6,1,18,0
11/05/2020,Jeju,14,8,2,0,1,0,1,4,0
11/05/2020,Airport,479,479,0,0,0,0,0,0,3
11/05/2020,Total,10909,1133,8751,5212,2147,1234,158,1025,35
12/05/2020,Seoul,695,259,413,8,320,16,69,23,12
12/05/2020,Busan,141,27,85,12,54,18,1,29,0
12/05/2020,Daegu,6862,24,6115,4510,678,923,4,723,1
12/05/2020,Incheon,105,46,55,2,41,5,7,4,1
12/05/2020,Gwangju,30,14,16,9,0,1,6,0,0
12/05/2020,Daejeon,43,13,21,2,11,8,0,9,2
12/05/2020,Ulsan,44,13,24,16,2,3,3,7,0
12/05/2020,Sejong,47,4,42,1,38,3,0,1,0
12/05/2020,Gyeonggi,706,170,492,29,349,52,62,44,8
12/05/2020,Gangwon,54,15,32,17,15,0,0,7,0
12/05/2020,"Chung-
buk",52,7,37,6,23,6,2,8,0
12/05/2020,Chung- nam,143,13,120,0,118,1,1,10,0
12/05/2020,Jeonbuk,19,10,4,1,3,0,0,5,0
12/05/2020,Jeonnam,16,8,5,1,1,2,1,3,0
12/05/2020,Gyeong- buk,1367,12,1224,566,468,190,0,131,1
12/05/2020,Gyeong- nam,118,15,85,32,46,6,1,18,1
12/05/2020,Jeju,14,8,2,0,1,0,1,4,0
12/05/2020,Airport,480,480,0,0,0,0,0,0,1
12/05/2020,Total,10936,1138,8772,5212,2168,1234,158,1026,27
13/05/2020,Seoul,707,259,425,8,332,16,69,23,12
13/05/2020,Busan,144,27,88,12,57,18,1,29,3
13/05/2020,Daegu,6865,25,6117,4510,678,925,4,723,3
13/05/2020,Incheon,107,46,55,2,41,5,7,6,2
13/05/2020,Gwangju,30,14,16,9,0,1,6,0,0
13/05/2020,Daejeon,43,13,21,2,11,8,0,9,0
13/05/2020,Ulsan,45,14,24,16,2,3,3,7,1
13/05/2020,Sejong,47,4,42,1,38,3,0,1,0
13/05/2020,Gyeonggi,708,171,493,29,350,52,62,44,2
13/05/2020,Gangwon,54,15,32,17,15,0,0,7,0
13/05/2020,"Chung-
buk",52,7,37,6,23,6,2,8,0
13/05/2020,Chung- nam,143,13,120,0,118,1,1,10,0
13/05/2020,Jeonbuk,20,10,5,1,4,0,0,5,1
13/05/2020,Jeonnam,16,8,5,1,1,2,1,3,0
13/05/2020,Gyeong- buk,1367,12,1224,566,468,190,0,131,0
13/05/2020,Gyeong- nam,119,15,86,32,47,6,1,18,1
13/05/2020,Jeju,14,8,2,0,1,0,1,4,0
13/05/2020,Airport,481,481,0,0,0,0,0,0,1
13/05/2020,Total,10962,1142,8792,5212,2186,1236,158,1028,26
14/05/2020,Seoul,711,260,428,8,335,16,69,23,4
14/05/2020,Busan,144,27,88,12,57,18,1,29,0
14/05/2020,Daegu,6865,25,6116,4510,678,924,4,724,0
14/05/2020,Incheon,119,46,67,2,52,6,7,6,12
14/05/2020,Gwangju,30,14,16,9,0,1,6,0,0
14/05/2020,Daejeon,43,13,21,2,11,8,0,9,0
14/05/2020,Ulsan,45,14,24,16,2,3,3,7,0
14/05/2020,Sejong,47,4,42,1,38,3,0,1,0
14/05/2020,Gyeonggi,714,171,499,29,356,52,62,44,6
14/05/2020,Gangwon,55,15,33,17,16,0,0,7,1
14/05/2020,"Chung-
buk",55,7,40,6,26,6,2,8,3
14/05/2020,Chung- nam,144,13,121,0,119,1,1,10,1
14/05/2020,Jeonbuk,20,10,5,1,4,0,0,5,0
14/05/2020,Jeonnam,17,9,5,1,1,2,1,3,1
14/05/2020,Gyeong- buk,1368,13,1224,566,468,190,0,131,1
14/05/2020,Gyeong- nam,119,15,86,32,47,6,1,18,0
14/05/2020,Jeju,14,8,2,0,1,0,1,4,0
14/05/2020,Airport,481,481,0,0,0,0,0,0,0
14/05/2020,Total,10991,1145,8817,5212,2211,1236,158,1029,29
15/05/2020,Seoul,725,260,441,8,348,16,69,24,14
15/05/2020,Busan,144,27,88,12,57,18,1,29,0
15/05/2020,Daegu,6868,25,6119,4510,678,927,4,724,3
15/05/2020,Incheon,124,47,71,2,56,6,7,6,5
15/05/2020,Gwangju,30,14,16,9,0,1,6,0,0
15/05/2020,Daejeon,43,13,21,2,11,8,0,9,0
15/05/2020,Ulsan,45,14,24,16,2,3,3,7,0
15/05/2020,Sejong,47,4,42,1,38,3,0,1,0
15/05/2020,Gyeonggi,717,173,499,29,356,52,62,45,3
15/05/2020,Gangwon,55,15,33,17,16,0,0,7,0
15/05/2020,"Chung-
buk",55,7,40,6,26,6,2,8,0
15/05/2020,Chung- nam,144,13,121,0,119,1,1,10,0
15/05/2020,Jeonbuk,20,10,5,1,4,0,0,5,0
15/05/2020,Jeonnam,18,10,5,1,1,2,1,3,1
15/05/2020,Gyeong- buk,1368,13,1224,566,468,190,0,131,0
15/05/2020,Gyeong- nam,119,15,86,32,47,6,1,18,0
15/05/2020,Jeju,14,8,2,0,1,0,1,4,0
15/05/2020,Airport,482,482,0,0,0,0,0,0,1
15/05/2020,Total,11018,1150,8837,5212,2228,1239,158,1031,27
16/05/2020,Seoul,730,260,446,8,353,16,69,24,5
16/05/2020,Busan,144,27,88,12,57,18,1,29,0
16/05/2020,Daegu,6869,25,6120,4510,678,928,4,724,1
16/05/2020,Incheon,124,47,72,2,57,6,7,5,0
16/05/2020,Gwangju,30,14,16,9,0,1,6,0,0
16/05/2020,Daejeon,43,13,21,2,11,8,0,9,0
16/05/2020,Ulsan,45,14,24,16,2,3,3,7,0
16/05/2020,Sejong,47,4,42,1,38,3,0,1,0
16/05/2020,Gyeonggi,721,175,500,29,357,52,62,46,4
16/05/2020,Gangwon,55,15,33,17,16,0,0,7,0
16/05/2020,"Chung-
buk",56,7,41,6,27,6,2,8,1
16/05/2020,"Chung-
nam",144,13,121,0,119,1,1,10,0
16/05/2020,Jeonbuk,20,10,5,1,4,0,0,5,0
16/05/2020,Jeonnam,18,10,5,1,1,2,1,3,0
16/05/2020,Gyeong- buk,1368,13,1224,566,468,190,0,131,0
16/05/2020,Gyeong- nam,119,15,86,32,47,6,1,18,0
16/05/2020,Jeju,14,8,2,0,1,0,1,4,0
16/05/2020,Airport,490,490,0,0,0,0,0,0,8
16/05/2020,Total,11037,1160,8846,5212,2236,1240,158,1031,19
17/05/2020,Seoul,735,261,450,8,357,16,69,24,5
17/05/2020,Busan,144,27,88,12,57,18,1,29,0
17/05/2020,Daegu,6870,25,6120,4510,678,928,4,725,1
17/05/2020,Incheon,124,47,72,2,57,6,7,5,0
17/05/2020,Gwangju,30,14,16,9,0,1,6,0,0
17/05/2020,Daejeon,44,13,22,2,12,8,0,9,1
17/05/2020,Ulsan,45,14,24,16,2,3,3,7,0
17/05/2020,Sejong,47,4,42,1,38,3,0,1,0
17/05/2020,Gyeonggi,721,175,500,29,357,52,62,46,0
17/05/2020,Gangwon,55,15,33,17,16,0,0,7,0
17/05/2020,Chung- buk,56,7,41,6,27,6,2,8,0
17/05/2020,Chung- nam,144,13,121,0,119,1,1,10,0
17/05/2020,Jeonbuk,20,10,5,1,4,0,0,5,0
17/05/2020,Jeonnam,18,10,5,1,1,2,1,3,0
17/05/2020,Gyeong- buk,1368,13,1224,566,468,190,0,131,0
17/05/2020,Gyeong- nam,121,17,86,32,47,6,1,18,2
17/05/2020,Jeju,14,8,2,0,1,0,1,4,0
17/05/2020,Airport,494,494,0,0,0,0,0,0,4
17/05/2020,Total,11050,1167,8851,5212,2241,1240,158,1032,13
18/05/2020,Seoul,736,262,450,8,357,16,69,24,1
18/05/2020,Busan,144,27,88,12,57,18,1,29,0
18/05/2020,Daegu,6871,25,6115,4510,678,923,4,731,1
18/05/2020,Incheon,124,47,72,2,57,6,7,5,0
18/05/2020,Gwangju,30,14,16,9,0,1,6,0,0
18/05/2020,Daejeon,44,13,22,2,12,8,0,9,0
18/05/2020,Ulsan,45,14,24,16,2,3,3,7,0
18/05/2020,Sejong,47,4,42,1,38,3,0,1,0
18/05/2020,Gyeonggi,724,176,502,29,359,52,62,46,3
18/05/2020,Gangwon,55,15,33,17,16,0,0,7,0
18/05/2020,"Chung-
buk",59,8,42,6,27,7,2,9,3
18/05/2020,Chung- nam,144,13,121,0,119,1,1,10,0
18/05/2020,Jeonbuk,20,10,5,1,4,0,0,5,0
18/05/2020,Jeonnam,18,10,5,1,1,2,1,3,0
18/05/2020,Gyeong- buk,1368,13,1224,566,468,190,0,131,0
18/05/2020,Gyeong- nam,121,17,86,32,47,6,1,18,0
18/05/2020,Jeju,14,8,2,0,1,0,1,4,0
18/05/2020,Airport,501,501,0,0,0,0,0,0,7
18/05/2020,Total,11065,1177,8849,5212,2243,1236,158,1039,15
19/05/2020,Seoul,742,262,455,8,361,17,69,25,6
19/05/2020,Busan,144,27,88,12,57,18,1,29,0
19/05/2020,Daegu,6871,25,6115,4510,678,923,4,731,0
19/05/2020,Incheon,126,47,74,2,59,6,7,5,2
19/05/2020,Gwangju,30,14,16,9,0,1,6,0,0
19/05/2020,Daejeon,44,13,22,2,12,8,0,9,0
19/05/2020,Ulsan,49,18,24,16,2,3,3,7,4
19/05/2020,Sejong,47,4,42,1,38,3,0,1,0
19/05/2020,Gyeonggi,725,176,503,29,360,52,62,46,1
19/05/2020,Gangwon,55,15,33,17,16,0,0,7,0
19/05/2020,"Chung-
buk",59,8,42,6,27,7,2,9,0
19/05/2020,Chung- nam,144,13,121,0,119,1,1,10,0
19/05/2020,Jeonbuk,20,10,5,1,4,0,0,5,0
19/05/2020,Jeonnam,18,10,5,1,1,2,1,3,0
19/05/2020,Gyeong- buk,1368,13,1224,566,468,190,0,131,0
19/05/2020,Gyeong- nam,121,17,86,32,47,6,1,18,0
19/05/2020,Jeju,14,8,2,0,1,0,1,4,0
19/05/2020,Airport,501,501,0,0,0,0,0,0,0
19/05/2020,Total,11078,1181,8857,5212,2250,1237,158,1040,13
20/05/2020,Seoul,752,266,460,8,366,17,69,26,10
20/05/2020,Busan,144,27,88,12,57,18,1,29,0
20/05/2020,Daegu,6872,25,6115,4510,678,923,4,732,1
20/05/2020,Incheon,134,47,82,2,67,6,7,5,8
20/05/2020,Gwangju,30,14,16,9,0,1,6,0,0
20/05/2020,Daejeon,44,13,22,2,12,8,0,9,0
20/05/2020,Ulsan,49,18,24,16,2,3,3,7,0
20/05/2020,Sejong,47,4,42,1,38,3,0,1,0
20/05/2020,Gyeonggi,735,178,510,29,367,52,62,47,10
20/05/2020,Gangwon,55,15,33,17,16,0,0,7,0
20/05/2020,"Chung-
buk",59,8,42,6,27,7,2,9,0
20/05/2020,Chung- nam,144,13,121,0,119,1,1,10,0
20/05/2020,Jeonbuk,21,10,6,1,5,0,0,5,1
20/05/2020,Jeonnam,18,10,5,1,1,2,1,3,0
20/05/2020,Gyeong- buk,1368,13,1224,566,468,190,0,131,0
20/05/2020,Gyeong- nam,121,17,86,32,47,6,1,18,0
20/05/2020,Jeju,14,8,2,0,1,0,1,4,0
20/05/2020,Airport,503,503,0,0,0,0,0,0,2
20/05/2020,Total,11110,1189,8878,5212,2271,1237,158,1043,32
21/05/2020,Seoul,756,267,463,8,369,17,69,26,4
21/05/2020,Busan,144,27,88,12,57,18,1,29,0
21/05/2020,Daegu,6872,25,6115,4510,678,923,4,732,0
21/05/2020,Incheon,140,47,88,2,73,6,7,5,6
21/05/2020,Gwangju,30,14,16,9,0,1,6,0,0
21/05/2020,Daejeon,44,13,22,2,12,8,0,9,0
21/05/2020,Ulsan,49,18,24,16,2,3,3,7,0
21/05/2020,Sejong,47,4,42,1,38,3,0,1,0
21/05/2020,Gyeonggi,735,178,510,29,367,52,62,47,0
21/05/2020,Gangwon,55,15,33,17,16,0,0,7,0
21/05/2020,"Chung-
buk",59,8,42,6,27,7,2,9,0
21/05/2020,Chung- nam,145,13,122,0,120,1,1,10,1
21/05/2020,Jeonbuk,21,10,6,1,5,0,0,5,0
21/05/2020,Jeonnam,18,10,5,1,1,2,1,3,0
21/05/2020,Gyeong- buk,1368,13,1224,566,468,190,0,131,0
21/05/2020,Gyeong- nam,121,17,86,32,47,6,1,18,0
21/05/2020,Jeju,14,8,2,0,1,0,1,4,0
21/05/2020,Airport,504,504,0,0,0,0,0,0,1
21/05/2020,Total,11122,1191,8888,5212,2281,1237,158,1043,12
22/05/2020,Seoul,758,268,463,8,369,17,69,27,2
22/05/2020,Busan,144,27,88,12,57,18,1,29,0
22/05/2020,Daegu,6872,25,6115,4510,678,923,4,732,0
22/05/2020,Incheon,141,47,89,2,74,6,7,5,1
22/05/2020,Gwangju,30,14,16,9,0,1,6,0,0
22/05/2020,Daejeon,44,13,22,2,12,8,0,9,0
22/05/2020,Ulsan,50,19,24,16,2,3,3,7,1
22/05/2020,Sejong,47,4,42,1,38,3,0,1,
22/05/2020,Gyeonggi,741,178,516,29,371,54,62,47,6
22/05/2020,Gangwon,55,15,33,17,16,0,0,7,0
22/05/2020,"Chung-
buk",59,8,42,6,27,7,2,9,0
22/05/2020,Chung- nam,145,13,122,0,120,1,1,10,0
22/05/2020,Jeonbuk,21,10,6,1,5,0,0,5,0
22/05/2020,Jeonnam,18,10,5,1,1,2,1,3,0
22/05/2020,Gyeong- buk,1370,13,1225,566,468,191,0,132,2
22/05/2020,Gyeong- nam,122,17,87,32,48,6,1,18,1
22/05/2020,Jeju,14,8,2,0,1,0,1,4,0
22/05/2020,Airport,511,511,0,0,0,0,0,0,7
22/05/2020,Total,11142,1200,8897,5212,2287,1240,158,1045,20
23/05/2020,Seoul,762,268,467,8,373,17,69,27,4
23/05/2020,Busan,144,27,88,12,57,18,1,29,0
23/05/2020,Daegu,6873,25,6116,4510,678,924,4,732,1
23/05/2020,Incheon,141,47,89,2,74,6,7,5,0
23/05/2020,Gwangju,30,14,16,9,0,1,6,0,0
23/05/2020,Daejeon,45,14,22,2,12,8,0,9,1
23/05/2020,Ulsan,50,19,24,16,2,3,3,7,0
23/05/2020,Sejong,47,4,42,1,38,3,0,1,0
23/05/2020,Gyeonggi,754,178,528,29,385,52,62,48,13
23/05/2020,Gangwon,55,15,33,17,16,0,0,7,0
23/05/2020,"Chung-
buk",59,8,42,6,27,7,2,9,0
23/05/2020,Chung- nam,145,13,122,0,120,1,1,10,0
23/05/2020,Jeonbuk,21,10,6,1,5,0,0,5,0
23/05/2020,Jeonnam,18,10,5,1,1,2,1,3,0
23/05/2020,Gyeong- buk,1370,13,1225,566,468,191,0,132,0
23/05/2020,Gyeong- nam,123,17,87,32,48,6,1,19,1
23/05/2020,Jeju,14,8,2,0,1,0,1,4,0
23/05/2020,Airport,514,514,0,0,0,0,0,0,3
23/05/2020,Total,11165,1204,8914,5212,2305,1239,158,1047,23
24/05/2020,Seoul,768,270,471,8,377,17,69,27,6
24/05/2020,Busan,144,27,88,12,57,18,1,29,0
24/05/2020,Daegu,6873,25,6117,4510,682,921,4,731,0
24/05/2020,Incheon,143,47,91,2,76,6,7,5,2
24/05/2020,Gwangju,30,14,16,9,0,1,6,0,0
24/05/2020,Daejeon,45,14,22,2,12,8,0,9,0
24/05/2020,Ulsan,50,19,24,16,2,3,3,7,0
24/05/2020,Sejong,47,4,42,1,38,3,0,1,0
24/05/2020,Gyeonggi,760,179,533,29,390,52,62,48,6
24/05/2020,Gangwon,56,16,33,17,16,0,0,7,1
24/05/2020,"Chung-
buk",59,8,42,6,27,7,2,9,0
24/05/2020,Chung- nam,145,13,122,0,120,1,1,10,0
24/05/2020,Jeonbuk,21,10,6,1,5,0,0,5,0
24/05/2020,Jeonnam,18,10,5,1,1,2,1,3,0
24/05/2020,Gyeong- buk,1376,13,1231,566,474,191,0,132,6
24/05/2020,"Gyeong-
nam",123,17,87,32,48,6,1,19,0
24/05/2020,Jeju,14,8,2,0,1,0,1,4,0
24/05/2020,Airport,518,518,0,0,0,0,0,0,4
24/05/2020,Total,11190,1212,8932,5212,2326,1236,158,1046,25
25/05/2020,Seoul,774,270,476,8,382,17,69,28,6
25/05/2020,Busan,144,27,88,12,57,18,1,29,0
25/05/2020,Daegu,6874,25,6120,4510,682,924,4,731,1
25/05/2020,Incheon,144,47,92,2,77,6,7,5,1
25/05/2020,Gwangju,30,14,16,9,0,1,6,0,0
25/05/2020,Daejeon,45,14,22,2,12,8,0,9,0
25/05/2020,Ulsan,50,19,24,16,2,3,3,7,0
25/05/2020,Sejong,47,4,42,1,38,3,0,1,0
25/05/2020,Gyeonggi,766,181,537,29,394,52,62,48,6
25/05/2020,Gangwon,56,16,33,17,16,0,0,7,0
25/05/2020,"Chung-
buk",59,8,42,6,27,7,2,9,0
25/05/2020,Chung- nam,145,13,122,0,120,1,1,10,0
25/05/2020,Jeonbuk,21,10,6,1,5,0,0,5,0
25/05/2020,Jeonnam,18,10,5,1,1,2,1,3,0
25/05/2020,Gyeong- buk,1377,13,1232,566,475,191,0,132,1
25/05/2020,Gyeong- nam,123,17,87,32,48,6,1,19,0
25/05/2020,Jeju,14,8,2,0,1,0,1,4,0
25/05/2020,Airport,519,519,0,0,0,0,0,0,1
25/05/2020,Total,11206,1215,8946,5212,2337,1239,158,1047,16
26/05/2020,Seoul,783,271,485,8,390,18,69,27,9
26/05/2020,Busan,144,27,88,12,57,18,1,29,0
26/05/2020,Daegu,6875,25,6119,4510,685,920,4,731,1
26/05/2020,Incheon,147,47,95,2,80,6,7,5,3
26/05/2020,Gwangju,30,14,16,9,0,1,6,0,0
26/05/2020,Daejeon,45,14,22,2,12,8,0,9,0
26/05/2020,Ulsan,50,19,24,16,2,3,3,7,0
26/05/2020,Sejong,47,4,42,1,38,3,0,1,0
26/05/2020,Gyeonggi,768,181,539,29,396,52,62,48,2
26/05/2020,Gangwon,56,16,33,17,16,0,0,7,0
26/05/2020,"Chung-
buk",60,8,42,6,27,7,2,10,1
26/05/2020,Chung- nam,145,13,122,0,120,1,1,10,0
26/05/2020,Jeonbuk,21,10,6,1,5,0,0,5,0
26/05/2020,Jeonnam,18,10,5,1,1,2,1,3,0
26/05/2020,Gyeong- buk,1378,13,1232,566,476,190,0,133,1
26/05/2020,Gyeong- nam,123,17,87,32,48,6,1,19,0
26/05/2020,Jeju,14,8,2,0,1,0,1,4,0
26/05/2020,Airport,521,521,0,0,0,0,0,0,2
26/05/2020,Total,11225,1218,8959,5212,2354,1235,158,1048,19
27/05/2020,Seoul,802,271,501,8,403,21,69,30,19
27/05/2020,Busan,144,27,88,12,57,18,1,29,0
27/05/2020,Daegu,6878,26,6119,4510,685,920,4,733,3
27/05/2020,Incheon,158,48,105,2,90,6,7,5,11
27/05/2020,Gwangju,30,14,16,9,0,1,6,0,0
27/05/2020,Daejeon,45,14,22,2,12,8,0,9,0
27/05/2020,Ulsan,50,19,24,16,2,3,3,7,0
27/05/2020,Sejong,47,4,42,1,38,3,0,1,0
27/05/2020,Gyeonggi,774,181,544,29,397,56,62,49,6
27/05/2020,Gangwon,56,16,33,17,16,0,0,7,0
27/05/2020,"Chung-
buk",60,8,42,6,27,7,2,10,0
27/05/2020,Chung- nam,145,13,122,0,120,1,1,10,0
27/05/2020,Jeonbuk,21,10,6,1,5,0,0,5,0
27/05/2020,Jeonnam,18,10,5,1,1,2,1,3,0
27/05/2020,Gyeong- buk,1378,13,1233,566,477,190,0,132,0
27/05/2020,Gyeong- nam,123,17,87,32,48,6,1,19,0
27/05/2020,Jeju,14,8,2,0,1,0,1,4,0
27/05/2020,Airport,522,522,0,0,0,0,0,0,1
27/05/2020,Total,11265,1221,8991,5212,2379,1242,158,1053,40
28/05/2020,Seoul,826,273,520,8,425,18,69,33,24
28/05/2020,Busan,145,28,88,12,57,18,1,29,1
28/05/2020,Daegu,6880,26,6118,4510,684,920,4,736,2
28/05/2020,Incheon,180,48,127,2,112,6,7,5,22
28/05/2020,Gwangju,30,14,16,9,0,1,6,0,0
28/05/2020,Daejeon,45,14,22,2,12,8,0,9,0
28/05/2020,Ulsan,50,19,24,16,2,3,3,7,0
28/05/2020,Sejong,47,4,42,1,38,3,0,1,0
28/05/2020,Gyeonggi,795,181,566,29,423,52,62,48,21
28/05/2020,Gangwon,56,16,33,17,16,0,0,7,0
28/05/2020,"Chung-
buk",60,8,42,6,27,7,2,10,0
28/05/2020,Chung- nam,146,13,123,0,121,1,1,10,1
28/05/2020,Jeonbuk,21,10,6,1,5,0,0,5,0
28/05/2020,Jeonnam,18,10,5,1,1,2,1,3,0
28/05/2020,Gyeong- buk,1379,14,1233,566,477,190,0,132,1
28/05/2020,Gyeong- nam,123,17,87,32,48,6,1,19,0
28/05/2020,Jeju,14,8,2,0,1,0,1,4,0
28/05/2020,Airport,529,529,0,0,0,0,0,0,7
28/05/2020,Total,11344,1232,9054,5212,2449,1235,158,1058,79
29/05/2020,Seoul,846,274,538,8,443,18,69,34,20
29/05/2020,Busan,145,28,88,12,57,18,1,29,0
29/05/2020,Daegu,6880,26,6118,4510,684,920,4,736,0
29/05/2020,Incheon,198,48,144,2,129,6,7,6,18
29/05/2020,Gwangju,30,14,16,9,0,1,6,0,0
29/05/2020,Daejeon,45,14,22,2,12,8,0,9,0
29/05/2020,Ulsan,50,19,24,16,2,3,3,7,0
29/05/2020,Sejong,47,4,42,1,38,3,0,1,0
29/05/2020,Gyeonggi,815,183,583,29,438,54,62,49,20
29/05/2020,Gangwon,56,16,33,17,16,0,0,7,0
29/05/2020,"Chung-
buk",60,8,42,6,27,7,2,10,0
29/05/2020,Chung- nam,146,13,123,0,121,1,1,10,0
29/05/2020,Jeonbuk,21,10,6,1,5,0,0,5,0
29/05/2020,Jeonnam,18,10,5,1,1,2,1,3,0
29/05/2020,Gyeong- buk,1379,14,1233,566,477,190,0,132,0
29/05/2020,Gyeong- nam,123,17,87,32,48,6,1,19,0
29/05/2020,Jeju,14,8,2,0,1,0,1,4,0
29/05/2020,Airport,529,529,0,0,0,0,0,0,0
29/05/2020,Total,11402,1235,9106,5212,2499,1237,158,1061,58
30/05/2020,Seoul,855,276,542,8,447,18,69,37,9
30/05/2020,Busan,146,28,88,12,57,18,1,30,1
30/05/2020,Daegu,6882,27,6118,4510,684,920,4,737,2
30/05/2020,Incheon,203,48,149,2,134,6,7,6,5
30/05/2020,Gwangju,32,16,16,9,0,1,6,0,2
30/05/2020,Daejeon,45,14,22,2,12,8,0,9,0
30/05/2020,Ulsan,50,19,24,16,2,3,3,7,0
30/05/2020,Sejong,47,4,42,1,38,3,0,1,0
30/05/2020,Gyeonggi,828,184,595,29,450,53,63,49,13
30/05/2020,Gangwon,57,16,34,17,17,0,0,7,1
30/05/2020,"Chung-
buk",60,8,42,6,27,7,2,10,0
30/05/2020,Chung- nam,146,13,123,0,121,1,1,10,0
30/05/2020,Jeonbuk,21,10,6,1,5,0,0,5,0
30/05/2020,Jeonnam,19,11,5,1,1,2,1,3,1
30/05/2020,Gyeong- buk,1379,14,1233,566,477,190,0,132,0
30/05/2020,Gyeong- nam,123,17,87,32,48,6,1,19,0
30/05/2020,Jeju,14,8,2,0,1,0,1,4,0
30/05/2020,Airport,534,534,0,0,0,0,0,0,5
30/05/2020,Total,11441,1247,9128,5212,2521,1236,159,1066,39
31/05/2020,Seoul,861,277,546,8,451,18,69,38,6
31/05/2020,Busan,147,29,88,12,57,18,1,30,1
31/05/2020,Daegu,6883,28,6118,4510,684,920,4,737,1
31/05/2020,Incheon,206,48,152,2,137,6,7,6,3
31/05/2020,Gwangju,32,16,16,9,0,1,6,0,0
31/05/2020,Daejeon,46,15,22,2,12,8,0,9,1
31/05/2020,Ulsan,52,21,24,16,2,3,3,7,2
31/05/2020,Sejong,47,4,42,1,38,3,0,1,0
31/05/2020,Gyeonggi,840,189,601,29,456,53,63,50,12
31/05/2020,Gangwon,57,16,34,17,17,0,0,7,0
31/05/2020,Chung- buk,60,8,42,6,27,7,2,10,0
31/05/2020,Chung- nam,146,13,123,0,121,1,1,10,0
31/05/2020,Jeonbuk,21,10,6,1,5,0,0,5,0
31/05/2020,Jeonnam,19,11,5,1,1,2,1,3,0
31/05/2020,Gyeong- buk,1379,14,1233,566,477,190,0,132,0
31/05/2020,Gyeong- nam,123,17,87,32,48,6,1,19,0
31/05/2020,Jeju,15,9,2,0,1,0,1,4,1
31/05/2020,Airport,534,534,0,0,0,0,0,0,0
31/05/2020,Total,11468,1259,9141,5212,2534,1236,159,1068,27
01/06/2020,Seoul,862,278,546,8,451,18,69,38,1
01/06/2020,Busan,147,29,88,12,57,18,1,30,0
01/06/2020,Daegu,6884,28,6118,4510,686,918,4,738,1
01/06/2020,Incheon,224,48,169,2,154,6,7,7,18
01/06/2020,Gwangju,32,16,16,9,0,1,6,0,0
01/06/2020,Daejeon,46,15,22,2,12,8,0,9,0
01/06/2020,Ulsan,52,21,24,16,2,3,3,7,0
01/06/2020,Sejong,47,4,42,1,38,3,0,1,0
01/06/2020,Gyeonggi,852,190,611,29,466,53,63,51,12
01/06/2020,Gangwon,57,16,34,17,17,0,0,7,0
01/06/2020,Chung- buk,60,8,42,6,27,7,2,10,0
01/06/2020,Chung- nam,146,13,123,0,121,1,1,10,0
01/06/2020,Jeonbuk,21,10,6,1,5,0,0,5,0
01/06/2020,Jeonnam,20,12,5,1,1,2,1,3,1
01/06/2020,Gyeong- buk,1379,14,1233,566,477,190,0,132,0
01/06/2020,Gyeong- nam,123,17,87,32,48,6,1,19,0
01/06/2020,Jeju,15,9,2,0,1,0,1,4,0
01/06/2020,Airport,536,536,0,0,0,0,0,0,2
01/06/2020,Total,11503,1264,9168,5212,2563,1234,159,1071,35
02/06/2020,Seoul,876,279,556,8,461,18,69,41,14
02/06/2020,Busan,147,29,88,12,57,18,1,30,0
02/06/2020,Daegu,6884,28,6118,4511,686,917,4,738,0
02/06/2020,Incheon,232,48,177,2,162,6,7,7,8
02/06/2020,Gwangju,32,16,16,9,0,1,6,0,0
02/06/2020,Daejeon,46,15,22,2,12,8,0,9,0
02/06/2020,Ulsan,52,21,24,16,2,3,3,7,0
02/06/2020,Sejong,47,4,42,1,38,3,0,1,0
02/06/2020,Gyeonggi,867,190,624,29,478,54,63,53,15
02/06/2020,Gangwon,57,16,34,17,17,0,0,7,0
02/06/2020,Chung- buk,60,8,42,6,27,7,2,10,0
02/06/2020,Chung- nam,146,13,123,0,121,1,1,10,0
02/06/2020,Jeonbuk,21,10,6,1,5,0,0,5,0
02/06/2020,Jeonnam,20,12,5,1,1,2,1,3,0
02/06/2020,Gyeong- buk,1379,14,1233,566,477,190,0,132,0
02/06/2020,Gyeong- nam,123,17,87,32,48,6,1,19,0
02/06/2020,Jeju,15,9,2,0,1,0,1,4,0
02/06/2020,Airport,537,537,0,0,0,0,0,0,1
02/06/2020,Total,11541,1266,9199,5213,2593,1234,159,1076,38
03/06/2020,Seoul,895,281,570,8,475,18,69,44,19
03/06/2020,Busan,147,29,88,12,57,18,1,30,0
03/06/2020,Daegu,6885,28,6118,4511,686,917,4,739,1
03/06/2020,Incheon,249,48,192,2,177,6,7,9,17
03/06/2020,Gwangju,32,16,16,9,0,1,6,0,0
03/06/2020,Daejeon,46,15,22,2,12,8,0,9,0
03/06/2020,Ulsan,52,21,24,16,2,3,3,7,0
03/06/2020,Sejong,47,4,42,1,38,3,0,1,0
03/06/2020,Gyeonggi,879,191,634,29,489,53,63,54,12
03/06/2020,Gangwon,57,16,34,17,17,0,0,7,0
03/06/2020,Chung- buk,60,8,42,6,27,7,2,10,0
03/06/2020,Chung- nam,146,13,123,0,121,1,1,10,0
03/06/2020,Jeonbuk,21,10,6,1,5,0,0,5,0
03/06/2020,Jeonnam,20,12,5,1,1,2,1,3,0
03/06/2020,Gyeong- buk,1379,14,1233,566,477,190,0,132,0
03/06/2020,Gyeong- nam,123,17,87,32,48,6,1,19,0
03/06/2020,Jeju,15,9,2,0,1,0,1,4,0
03/06/2020,Airport,537,537,0,0,0,0,0,0,0
03/06/2020,Total,11590,1269,9238,5213,2633,1233,159,1083,49
04/06/2020,Seoul,909,282,581,8,485,19,69,46,14
04/06/2020,Busan,147,29,88,12,57,18,1,30,0
04/06/2020,Daegu,6885,28,6118,4511,686,917,4,739,0
04/06/2020,Incheon,256,48,198,2,182,7,7,10,7
04/06/2020,Gwangju,32,16,16,9,0,1,6,0,0
04/06/2020,Daejeon,46,15,22,2,12,8,0,9,0
04/06/2020,Ulsan,52,21,24,16,2,3,3,7,0
04/06/2020,Sejong,47,4,42,1,38,3,0,1,0
04/06/2020,Gyeonggi,894,193,647,29,499,56,63,54,15
04/06/2020,Gangwon,57,16,34,17,17,0,0,7,0
04/06/2020,Chung- buk,60,8,42,6,27,7,2,10,0
04/06/2020,"Chung-
nam",146,13,123,0,121,1,1,10,0
04/06/2020,Jeonbuk,21,10,6,1,5,0,0,5,0
04/06/2020,Jeonnam,20,12,5,1,1,2,1,3,0
04/06/2020,Gyeong- buk,1380,15,1233,566,477,190,0,132,1
04/06/2020,Gyeong- nam,123,17,87,32,48,6,1,19,0
04/06/2020,Jeju,15,9,2,0,1,0,1,4,0
04/06/2020,Airport,539,539,0,0,0,0,0,0,2
04/06/2020,Total,11629,1275,9268,5213,2658,1238,159,1086,39
05/06/2020,Seoul,924,282,590,8,494,19,69,52,15
05/06/2020,Busan,147,29,88,12,57,18,1,30,0
05/06/2020,Daegu,6886,28,6118,4511,686,917,4,740,1
05/06/2020,Incheon,262,48,206,2,191,6,7,8,6
05/06/2020,Gwangju,32,16,16,9,0,1,6,0,0
05/06/2020,Daejeon,46,15,22,2,12,8,0,9,0
05/06/2020,Ulsan,52,21,24,16,2,3,3,7,0
05/06/2020,Sejong,47,4,42,1,38,3,0,1,0
05/06/2020,Gyeonggi,907,196,655,29,508,55,63,56,13
05/06/2020,Gangwon,57,16,34,17,17,0,0,7,0
05/06/2020,Chung- buk,60,8,42,6,27,7,2,10,0
05/06/2020,Chung- nam,147,13,124,0,122,1,1,10,1
05/06/2020,Jeonbuk,21,10,6,1,5,0,0,5,0
05/06/2020,Jeonnam,20,12,5,1,1,2,1,3,0
05/06/2020,Gyeong- buk,1382,16,1233,566,477,190,0,133,2
05/06/2020,Gyeong- nam,123,17,87,32,48,6,1,19,0
05/06/2020,Jeju,15,9,2,0,1,0,1,4,0
05/06/2020,Airport,540,540,0,0,0,0,0,0,1
05/06/2020,Total,11668,1280,9294,5213,2686,1236,159,1094,39
06/06/2020,Seoul,947,282,615,8,519,19,69,50,23
06/06/2020,Busan,147,29,88,12,57,18,1,30,0
06/06/2020,Daegu,6886,28,6118,4511,686,917,4,740,0
06/06/2020,Incheon,273,49,214,2,199,6,7,10,11
06/06/2020,Gwangju,32,16,16,9,0,1,6,0,0
06/06/2020,Daejeon,46,15,22,2,12,8,0,9,0
06/06/2020,Ulsan,52,21,24,16,2,3,3,7,0
06/06/2020,Sejong,47,4,42,1,38,3,0,1,0
06/06/2020,Gyeonggi,915,197,663,29,517,54,63,55,8
06/06/2020,Gangwon,58,16,35,17,18,0,0,7,1
06/06/2020,Chung- buk,60,8,42,6,27,7,2,10,0
06/06/2020,Chung- nam,148,13,125,0,123,1,1,10,1
06/06/2020,Jeonbuk,21,10,6,1,5,0,0,5,0
06/06/2020,Jeonnam,20,12,5,1,1,2,1,3,0
06/06/2020,Gyeong- buk,1383,16,1234,566,478,190,0,133,1
06/06/2020,Gyeong- nam,124,18,87,32,48,6,1,19,1
06/06/2020,Jeju,15,9,2,0,1,0,1,4,0
06/06/2020,Airport,545,545,0,0,0,0,0,0,5
06/06/2020,Total,11719,1288,9338,5213,2731,1235,159,1093,51
07/06/2020,Seoul,974,282,638,8,541,20,69,54,27
07/06/2020,Busan,147,29,88,12,57,18,1,30,0
07/06/2020,Daegu,6887,28,6118,4511,686,917,4,741,1
07/06/2020,Incheon,279,49,222,2,207,6,7,8,6
07/06/2020,Gwangju,32,16,16,9,0,1,6,0,0
07/06/2020,Daejeon,46,15,22,2,12,8,0,9,0
07/06/2020,Ulsan,53,22,24,16,2,3,3,7,0
07/06/2020,Sejong,47,4,42,1,38,3,0,1,1
07/06/2020,Gyeonggi,934,197,682,29,536,54,63,55,19
07/06/2020,Gangwon,58,16,35,17,18,0,0,7,0
07/06/2020,Chung- buk,61,9,42,6,27,7,2,10,1
07/06/2020,Chung- nam,148,13,125,0,123,1,1,10,0
07/06/2020,Jeonbuk,21,10,6,1,5,0,0,5,0
07/06/2020,Jeonnam,20,12,5,1,1,2,1,3,0
07/06/2020,Gyeong- buk,1383,16,1234,566,478,190,0,133,0
07/06/2020,Gyeong- nam,124,18,87,32,48,6,1,19,0
07/06/2020,Jeju,15,9,2,0,1,0,1,4,0
07/06/2020,Airport,547,547,0,0,0,0,0,0,2
07/06/2020,Total,11776,1292,9388,5213,2780,1236,159,1096,57
08/06/2020,Seoul,996,282,656,8,557,22,69,58,22
08/06/2020,Busan,147,29,88,12,57,18,1,30,0
08/06/2020,Daegu,6888,29,6118,4511,686,917,4,741,1
08/06/2020,Incheon,283,49,226,2,211,6,7,8,4
08/06/2020,Gwangju,32,16,16,9,0,1,6,0,0
08/06/2020,Daejeon,46,15,22,2,12,8,0,9,0
08/06/2020,Ulsan,53,22,24,16,2,3,3,7,0
08/06/2020,Sejong,47,4,42,1,38,3,0,1,0
08/06/2020,Gyeonggi,942,198,690,29,544,54,63,54,8
08/06/2020,Gangwon,58,16,35,17,18,0,0,7,0
08/06/2020,Chung- buk,61,9,42,6,27,7,2,10,0
08/06/2020,Chung- nam,148,13,125,0,123,1,1,10,0
08/06/2020,Jeonbuk,21,10,6,1,5,0,0,5,0
08/06/2020,Jeonnam,20,12,5,1,1,2,1,3,0
08/06/2020,Gyeong- buk,1383,16,1234,566,478,190,0,133,0
08/06/2020,Gyeong- nam,124,18,87,32,48,6,1,19,0
08/06/2020,Jeju,15,9,2,0,1,0,1,4,0
08/06/2020,Airport,550,550,0,0,0,0,0,0,3
08/06/2020,Total,11814,1297,9418,5213,2808,1238,159,1099,38
09/06/2020,Seoul,1015,283,674,8,576,21,69,58,19
09/06/2020,Busan,147,29,88,12,57,18,1,30,0
09/06/2020,Daegu,6888,29,6118,4511,686,917,4,741,0
09/06/2020,Incheon,286,49,229,2,214,6,7,8,3
09/06/2020,Gwangju,32,16,16,9,0,1,6,0,0
09/06/2020,Daejeon,46,15,22,2,12,8,0,9,0
09/06/2020,Ulsan,53,22,24,16,2,3,3,7,0
09/06/2020,Sejong,47,4,42,1,38,3,0,1,0
09/06/2020,Gyeonggi,955,199,700,29,555,53,63,56,13
09/06/2020,Gangwon,58,16,35,17,18,0,0,7,0
09/06/2020,Chung- buk,61,9,42,6,27,7,2,10,0
09/06/2020,Chung- nam,150,14,125,0,123,1,1,11,2
09/06/2020,Jeonbuk,21,10,6,1,5,0,0,5,0
09/06/2020,Jeonnam,20,12,5,1,1,2,1,3,0
09/06/2020,Gyeong- buk,1383,16,1234,566,478,190,0,133,0
09/06/2020,Gyeong- nam,125,18,87,32,48,6,1,20,1
09/06/2020,Jeju,15,9,2,0,1,0,1,4,0
09/06/2020,Airport,550,550,0,0,0,0,0,0,0
09/06/2020,Total,11852,1300,9449,5213,2841,1236,159,1103,38
10/06/2020,Seoul,1027,283,685,8,587,21,69,59,12
10/06/2020,Busan,147,29,88,12,57,18,1,30,0
10/06/2020,Daegu,6888,29,6118,4511,686,917,4,741,0
10/06/2020,Incheon,294,49,237,2,222,6,7,8,8
10/06/2020,Gwangju,32,16,16,9,0,1,6,0,0
10/06/2020,Daejeon,46,15,22,2,12,8,0,9,0
10/06/2020,Ulsan,53,22,24,16,2,3,3,7,0
10/06/2020,Sejong,47,4,42,1,38,3,0,1,0
10/06/2020,Gyeonggi,976,200,718,29,573,53,63,58,21
10/06/2020,Gangwon,59,16,36,17,19,0,0,7,1
10/06/2020,Chung- buk,61,9,42,6,27,7,2,10,0
10/06/2020,Chung- nam,150,14,125,0,123,1,1,11,0
10/06/2020,Jeonbuk,21,10,6,1,5,0,0,5,0
10/06/2020,Jeonnam,20,12,5,1,1,2,1,3,0
10/06/2020,Gyeong- buk,1383,16,1234,566,478,190,0,133,0
10/06/2020,Gyeong- nam,127,18,89,32,50,6,1,20,2
10/06/2020,Jeju,15,9,2,0,1,0,1,4,0
10/06/2020,Airport,556,556,0,0,0,0,0,0,6
10/06/2020,Total,11902,1307,9489,5213,2881,1236,159,1106,50
11/06/2020,Seoul,1048,284,702,8,604,21,69,62,21
11/06/2020,Busan,147,29,88,12,57,18,1,30,0
11/06/2020,Daegu,6888,29,6118,4511,686,917,4,741,0
11/06/2020,Incheon,300,50,241,2,226,6,7,9,6
11/06/2020,Gwangju,32,16,16,9,0,1,6,0,0
11/06/2020,Daejeon,46,15,22,2,12,8,0,9,0
11/06/2020,Ulsan,53,22,24,16,2,3,3,7,0
11/06/2020,Sejong,47,4,42,1,38,3,0,1,0
11/06/2020,Gyeonggi,992,201,733,29,588,53,63,58,16
11/06/2020,Gangwon,59,16,36,17,19,0,0,7,0
11/06/2020,Chung- buk,61,9,42,6,27,7,2,10,0
11/06/2020,Chung- nam,150,14,125,0,123,1,1,11,0
11/06/2020,Jeonbuk,21,10,6,1,5,0,0,5,0
11/06/2020,Jeonnam,20,12,5,1,1,2,1,3,0
11/06/2020,Gyeong- buk,1383,16,1234,566,478,190,0,133,0
11/06/2020,Gyeong- nam,127,18,89,32,50,6,1,20,0
11/06/2020,Jeju,15,9,2,0,1,0,1,4,0
11/06/2020,Airport,558,558,0,0,0,0,0,0,2
11/06/2020,Total,11947,1312,9525,5213,2917,1236,159,1110,45
12/06/2020,Seoul,1073,285,723,8,624,22,69,65,25
12/06/2020,Busan,147,29,88,12,57,18,1,30,0
12/06/2020,Daegu,6889,29,6118,4511,686,917,4,742,1
12/06/2020,Incheon,301,51,242,2,227,6,7,8,1
12/06/2020,Gwangju,32,16,16,9,0,1,6,0,0
12/06/2020,Daejeon,46,15,22,2,12,8,0,9,0
12/06/2020,Ulsan,53,22,24,16,2,3,3,7,0
12/06/2020,Sejong,47,4,42,1,38,3,0,1,0
12/06/2020,Gyeonggi,1011,202,747,29,601,54,63,62,19
12/06/2020,Gangwon,59,16,36,17,19,0,0,7,0
12/06/2020,Chung- buk,61,9,42,6,27,7,2,10,0
12/06/2020,Chung- nam,150,14,125,0,123,1,1,11,0
12/06/2020,Jeonbuk,21,10,6,1,5,0,0,5,0
12/06/2020,Jeonnam,20,12,5,1,1,2,1,3,0
12/06/2020,Gyeong- buk,1383,16,1234,566,478,190,0,133,0
12/06/2020,Gyeong- nam,127,18,89,32,50,6,1,20,0
12/06/2020,Jeju,15,9,2,0,1,0,1,4,0
12/06/2020,Airport,568,568,0,0,0,0,0,0,10
12/06/2020,Total,12003,1325,9561,5213,2951,1238,159,1117,56
13/06/2020,Seoul,1101,285,747,8,646,24,69,69,29
13/06/2020,Busan,147,29,88,12,57,18,1,30,0
13/06/2020,Daegu,6892,32,6118,4511,686,917,4,742,3
13/06/2020,Incheon,302,51,243,2,228,6,7,8,1
13/06/2020,Gwangju,32,16,16,9,0,1,6,0,0
13/06/2020,Daejeon,46,15,22,2,12,8,0,9,0
13/06/2020,Ulsan,53,22,24,16,2,3,3,7,0
13/06/2020,Sejong,47,4,42,1,38,3,0,1,0
13/06/2020,Gyeonggi,1025,203,760,29,612,56,63,62,14
13/06/2020,Gangwon,59,16,36,17,19,0,0,7,0
13/06/2020,Chung- buk,61,9,42,6,27,7,2,10,0
13/06/2020,Chung- nam,151,14,125,0,123,1,1,12,1
13/06/2020,Jeonbuk,21,10,6,1,5,0,0,5,0
13/06/2020,Jeonnam,20,12,5,1,1,2,1,3,0
13/06/2020,Gyeong- buk,1383,16,1234,566,478,190,0,133,0
13/06/2020,Gyeong- nam,127,18,89,32,50,6,1,20,0
13/06/2020,Jeju,15,9,2,0,1,0,1,4,0
13/06/2020,Airport,569,569,0,0,0,0,0,0,1
13/06/2020,Total,12051,1330,9599,5213,2985,1242,159,1122,49
14/06/2020,Seoul,1113,285,757,8,656,24,69,71,12
14/06/2020,Busan,147,29,88,12,57,18,1,30,0
14/06/2020,Daegu,6894,33,6118,4511,686,917,4,743,2
14/06/2020,Incheon,310,51,250,2,235,6,7,9,8
14/06/2020,Gwangju,32,16,16,9,0,1,6,0,0
14/06/2020,Daejeon,46,15,22,2,12,8,0,9,0
14/06/2020,Ulsan,53,22,24,16,2,3,3,7,0
14/06/2020,Sejong,47,4,42,1,38,3,0,1,0
14/06/2020,Gyeonggi,1035,204,767,29,618,57,63,64,10
14/06/2020,Gangwon,60,16,37,17,20,0,0,7,1
14/06/2020,Chung- buk,61,9,42,6,27,7,2,10,0
14/06/2020,Chung- nam,151,14,125,0,123,1,1,12,0
14/06/2020,Jeonbuk,21,10,6,1,5,0,0,5,0
14/06/2020,Jeonnam,20,12,5,1,1,2,1,3,0
14/06/2020,Gyeong- buk,1383,16,1234,566,478,190,0,133,0
14/06/2020,Gyeong- nam,127,18,89,32,50,6,1,20,0
14/06/2020,Jeju,15,9,2,0,1,0,1,4,0
14/06/2020,Airport,570,570,0,0,0,0,0,0,1
14/06/2020,Total,12085,1333,9624,5213,3009,1243,159,1128,34
15/06/2020,Seoul,1120,286,760,8,659,24,69,74,7
15/06/2020,Busan,147,29,88,12,57,18,1,30,0
15/06/2020,Daegu,6894,33,6118,4511,686,917,4,743,0
15/06/2020,Incheon,318,51,257,2,242,6,7,10,8
15/06/2020,Gwangju,32,16,16,9,0,1,6,0,0
15/06/2020,Daejeon,46,15,22,2,12,8,0,9,0
15/06/2020,Ulsan,53,22,24,16,2,3,3,7,0
15/06/2020,Sejong,47,4,42,1,38,3,0,1,0
15/06/2020,Gyeonggi,1045,206,773,29,624,57,63,66,10
15/06/2020,Gangwon,60,16,37,17,20,0,0,7,0
15/06/2020,Chung- buk,61,9,42,6,27,7,2,10,0
15/06/2020,Chung- nam,152,14,126,0,124,1,1,12,2
15/06/2020,Jeonbuk,21,10,6,1,5,0,0,5,0
15/06/2020,Jeonnam,20,12,5,1,1,2,1,3,0
15/06/2020,Gyeong- buk,1383,16,1234,566,478,190,0,133,0
15/06/2020,Gyeong- nam,130,21,89,32,50,6,1,20,3
15/06/2020,Jeju,15,9,2,0,1,0,1,4,0
15/06/2020,Airport,577,577,0,0,0,0,0,0,7
15/06/2020,Total,12121,1346,9641,5213,3026,1243,159,1134,37
16/06/2020,Seoul,1132,287,770,8,668,25,69,75,12
16/06/2020,Busan,148,30,88,12,57,18,1,30,1
16/06/2020,Daegu,6894,33,6118,4511,686,917,4,743,0
16/06/2020,Incheon,320,51,258,2,243,6,7,11,2
16/06/2020,Gwangju,32,16,16,9,0,1,6,0,0
16/06/2020,Daejeon,49,15,23,2,12,9,0,11,3
16/06/2020,Ulsan,53,22,24,16,2,3,3,7,0
16/06/2020,Sejong,47,4,42,1,38,3,0,1,0
16/06/2020,Gyeonggi,1050,207,775,29,626,57,63,68,5
16/06/2020,Gangwon,60,16,37,17,20,0,0,7,0
16/06/2020,Chung- buk,61,9,42,6,27,7,2,10,0
16/06/2020,Chung- nam,152,14,126,0,124,1,1,12,0
16/06/2020,Jeonbuk,21,10,6,1,5,0,0,5,0
16/06/2020,Jeonnam,20,12,5,1,1,2,1,3,0
16/06/2020,Gyeong- buk,1383,16,1234,566,478,190,0,133,0
16/06/2020,Gyeong- nam,132,22,90,32,50,6,2,20,2
16/06/2020,Jeju,15,9,2,0,1,0,1,4,0
16/06/2020,Airport,586,586,0,0,0,0,0,0,9
16/06/2020,Total,12155,1359,9656,5213,3038,1245,160,1140,34
17/06/2020,Seoul,1145,288,781,8,679,25,69,76,13
17/06/2020,Busan,148,30,88,12,57,18,1,30,0
17/06/2020,Daegu,6895,34,6118,4511,686,917,4,743,1
17/06/2020,Incheon,322,51,261,2,246,6,7,10,2
17/06/2020,Gwangju,32,16,16,9,0,1,6,0,0
17/06/2020,Daejeon,54,15,28,2,18,8,0,11,5
17/06/2020,Ulsan,53,22,24,16,2,3,3,7,0
17/06/2020,Sejong,47,4,42,1,38,3,0,1,0
17/06/2020,Gyeonggi,1063,209,782,29,631,59,63,72,13
17/06/2020,Gangwon,60,16,37,17,20,0,0,7,0
17/06/2020,Chung- buk,61,9,42,6,27,7,2,10,0
17/06/2020,Chung- nam,153,14,127,0,124,2,1,12,1
17/06/2020,Jeonbuk,21,10,6,1,5,0,0,5,0
17/06/2020,Jeonnam,20,12,5,1,1,2,1,3,0
17/06/2020,Gyeong- buk,1383,16,1234,566,478,190,0,133,0
17/06/2020,Gyeong- nam,132,22,90,32,50,6,2,20,0
17/06/2020,Jeju,16,10,2,0,1,0,1,4,1
17/06/2020,Airport,593,593,0,0,0,0,0,0,7
17/06/2020,Total,12198,1371,9683,5213,3063,1247,160,1144,43
18/06/2020,Seoul,1170,289,800,8,696,27,69,81,25
18/06/2020,Busan,148,30,88,12,57,18,1,30,0
18/06/2020,Daegu,6896,35,6118,4511,686,917,4,743,1
18/06/2020,Incheon,323,52,261,2,246,6,7,10,1
18/06/2020,Gwangju,32,16,16,9,0,1,6,0,0
18/06/2020,Daejeon,61,15,35,2,25,8,0,11,7
18/06/2020,Ulsan,53,22,24,16,2,3,3,7,0
18/06/2020,Sejong,48,4,43,1,39,3,0,1,1
18/06/2020,Gyeonggi,1079,210,798,29,647,59,63,71,16
18/06/2020,Gangwon,60,16,37,17,20,0,0,7,0
18/06/2020,Chung- buk,61,9,42,6,27,7,2,10,0
18/06/2020,Chung- nam,156,14,130,0,127,2,1,12,3
18/06/2020,Jeonbuk,22,10,6,1,5,0,0,6,1
18/06/2020,Jeonnam,20,12,5,1,1,2,1,3,0
18/06/2020,Gyeong- buk,1383,16,1234,566,478,190,0,133,0
18/06/2020,Gyeong- nam,132,22,90,32,50,6,2,20,0
18/06/2020,Jeju,16,10,2,0,1,0,1,4,0
18/06/2020,Airport,597,597,0,0,0,0,0,0,4
18/06/2020,Total,12257,1379,9729,5213,3107,1249,160,1149,59
19/06/2020,Seoul,1188,290,810,8,708,25,69,88,18
19/06/2020,Busan,148,30,88,12,57,18,1,30,0
19/06/2020,Daegu,6896,35,6118,4511,686,917,4,743,0
19/06/2020,Incheon,323,52,261,2,246,6,7,10,0
19/06/2020,Gwangju,32,16,16,9,0,1,6,0,0
19/06/2020,Daejeon,67,15,40,2,30,8,0,12,6
19/06/2020,Ulsan,53,22,24,16,2,3,3,7,0
19/06/2020,Sejong,48,4,43,1,39,3,0,1,0
19/06/2020,Gyeonggi,1090,212,807,29,656,59,63,71,11
19/06/2020,Gangwon,60,16,37,17,20,0,0,7,0
19/06/2020,Chung- buk,61,9,42,6,27,7,2,10,0
19/06/2020,Chung- nam,156,14,130,0,127,2,1,12,0
19/06/2020,Jeonbuk,22,10,6,1,5,0,0,6,0
19/06/2020,Jeonnam,20,12,5,1,1,2,1,3,0
19/06/2020,Gyeong- buk,1383,16,1234,566,478,190,0,133,0
19/06/2020,Gyeong- nam,132,22,90,32,50,6,2,20,0
19/06/2020,Jeju,19,13,2,0,1,0,1,4,3
19/06/2020,Airport,608,608,0,0,0,0,0,0,11
19/06/2020,Total,12306,1396,9753,5213,3133,1247,160,1157,49
20/06/2020,Seoul,1202,291,824,8,724,23,69,87,14
20/06/2020,Busan,150,32,88,12,57,18,1,30,2
20/06/2020,Daegu,6898,35,6119,4511,686,918,4,744,2
20/06/2020,Incheon,328,53,265,2,250,6,7,10,5
20/06/2020,Gwangju,32,16,16,9,0,1,6,0,0
20/06/2020,Daejeon,72,15,45,2,35,8,0,12,5
20/06/2020,Ulsan,53,22,24,16,2,3,3,7,0
20/06/2020,Sejong,48,4,43,1,39,3,0,1,0
20/06/2020,Gyeonggi,1107,219,815,29,664,59,63,73,17
20/06/2020,Gangwon,60,16,37,17,20,0,0,7,0
20/06/2020,Chung- buk,61,9,42,6,27,7,2,10,0
20/06/2020,Chung- nam,158,14,132,0,129,2,1,12,2
20/06/2020,Jeonbuk,23,11,6,1,5,0,0,6,1
20/06/2020,Jeonnam,20,12,5,1,1,2,1,3,0
20/06/2020,Gyeong- buk,1384,17,1234,566,478,190,0,133,1
20/06/2020,Gyeong- nam,132,22,90,32,50,6,2,20,0
20/06/2020,Jeju,19,13,2,0,1,0,1,4,0
20/06/2020,Airport,626,626,0,0,0,0,0,0,18
20/06/2020,Total,12373,1427,9787,5213,3168,1246,160,1159,67
21/06/2020,Seoul,1219,292,839,8,739,23,69,88,17
21/06/2020,Busan,150,32,88,12,57,18,1,30,0
21/06/2020,Daegu,6899,35,6120,4511,686,919,4,744,1
21/06/2020,Incheon,328,53,265,2,250,6,7,10,0
21/06/2020,Gwangju,33,16,17,9,1,1,6,0,1
21/06/2020,Daejeon,82,15,56,2,46,8,0,11,10
21/06/2020,Ulsan,53,22,24,16,2,3,3,7,0
21/06/2020,Sejong,49,4,44,1,40,3,0,1,1
21/06/2020,Gyeonggi,1117,221,823,29,672,59,63,73,10
21/06/2020,Gangwon,62,16,39,17,22,0,0,7,2
21/06/2020,Chung- buk,61,9,42,6,27,7,2,10,0
21/06/2020,Chung- nam,159,14,133,0,130,2,1,12,1
21/06/2020,Jeonbuk,23,11,6,1,5,0,0,6,0
21/06/2020,Jeonnam,20,12,5,1,1,2,1,3,0
21/06/2020,Gyeong- buk,1384,17,1234,566,478,190,0,133,0
21/06/2020,Gyeong- nam,133,23,90,32,50,6,2,20,1
21/06/2020,Jeju,19,13,2,0,1,0,1,4,0
21/06/2020,Airport,630,630,0,0,0,0,0,0,4
21/06/2020,Total,12421,1435,9827,5213,3207,1247,160,1159,48
22/06/2020,Seoul,1224,293,842,8,740,25,69,89,5
22/06/2020,Busan,150,32,88,12,57,18,1,30,0
22/06/2020,Daegu,6900,35,6121,4511,686,920,4,744,1
22/06/2020,Incheon,329,54,265,2,250,6,7,10,1
22/06/2020,Gwangju,33,16,17,9,1,1,6,0,0
22/06/2020,Daejeon,82,15,56,2,46,8,0,11,0
22/06/2020,Ulsan,53,22,24,16,2,3,3,7,0
22/06/2020,Sejong,49,4,44,1,40,3,0,1,0
22/06/2020,Gyeonggi,1123,224,826,29,675,59,63,73,6
22/06/2020,Gangwon,62,16,39,17,22,0,0,7,0
22/06/2020,Chung- buk,61,9,42,6,27,7,2,10,0
22/06/2020,Chung- nam,161,14,135,0,132,2,1,12,2
22/06/2020,Jeonbuk,24,11,8,1,7,0,0,5,1
22/06/2020,Jeonnam,20,12,5,1,1,2,1,3,0
22/06/2020,Gyeong- buk,1385,18,1234,566,478,190,0,133,1
22/06/2020,Gyeong- nam,133,23,90,32,50,6,2,20,0
22/06/2020,Jeju,19,13,2,0,1,0,1,4,0
22/06/2020,Airport,630,630,0,0,0,0,0,0,0
22/06/2020,Total,12438,1441,9838,5213,3215,1250,160,1159,17
23/06/2020,Seoul,1230,293,847,8,746,24,69,90,6
23/06/2020,Busan,150,32,88,12,57,18,1,30,0
23/06/2020,Daegu,6901,35,6121,4511,689,917,4,745,1
23/06/2020,Incheon,330,54,266,2,251,6,7,10,1
23/06/2020,Gwangju,33,16,17,9,1,1,6,0,0
23/06/2020,Daejeon,86,15,59,2,49,8,0,12,4
23/06/2020,Ulsan,53,22,24,16,2,3,3,7,0
23/06/2020,Sejong,49,4,44,1,40,3,0,1,0
23/06/2020,Gyeonggi,1130,227,829,29,678,59,63,74,7
23/06/2020,Gangwon,62,16,39,17,22,0,0,7,0
23/06/2020,Chung- buk,62,10,42,6,27,7,2,10,1
23/06/2020,Chung- nam,161,14,135,0,132,2,1,12,0
23/06/2020,Jeonbuk,24,11,8,1,7,0,0,5,0
23/06/2020,Jeonnam,20,12,5,1,1,2,1,3,0
23/06/2020,Gyeong- buk,1385,18,1234,566,478,190,0,133,0
23/06/2020,Gyeong- nam,133,23,90,32,50,6,2,20,0
23/06/2020,Jeju,19,13,2,0,1,0,1,4,0
23/06/2020,Airport,656,656,0,0,0,0,0,0,26
23/06/2020,Total,12484,1471,9850,5213,3231,1246,160,1163,46
24/06/2020,Seoul,1241,293,853,8,750,26,69,95,11
24/06/2020,Busan,152,34,88,12,57,18,1,30,2
24/06/2020,Daegu,6903,37,6121,4511,689,917,4,745,2
24/06/2020,Incheon,333,54,268,2,251,7,8,11,3
24/06/2020,Gwangju,33,16,17,9,1,1,6,0,0
24/06/2020,Daejeon,94,15,67,2,56,9,0,12,8
24/06/2020,Ulsan,55,22,25,16,3,3,3,8,2
24/06/2020,Sejong,49,4,44,1,40,3,0,1,0
24/06/2020,Gyeon- ggi,1137,229,832,29,680,60,63,76,7
24/06/2020,Gangwon,63,16,40,17,23,0,0,7,1
24/06/2020,"Chung-
buk",62,10,42,6,27,7,2,10,0
24/06/2020,Chung- nam,162,14,136,0,133,2,1,12,1
24/06/2020,Jeonbuk,25,12,8,1,7,0,0,5,1
24/06/2020,Jeonnam,20,12,5,1,1,2,1,3,0
24/06/2020,Gyeong- buk,1386,19,1234,566,478,190,0,133,1
24/06/2020,Gyeong- nam,133,23,90,32,50,6,2,20,0
24/06/2020,Jeju,19,13,2,0,1,0,1,4,0
24/06/2020,Airport,668,668,0,0,0,0,0,0,12
24/06/2020,Total,12535,1491,9872,5213,3247,1251,161,1172,51
25/06/2020,Seoul,1250,294,857,8,754,26,69,99,9
25/06/2020,Busan,152,34,88,12,57,18,1,30,0
25/06/2020,Daegu,6903,37,6121,4511,689,917,4,745,0
25/06/2020,Incheon,334,54,269,2,253,6,8,11,1
25/06/2020,Gwangju,33,16,17,9,1,1,6,0,0
25/06/2020,Daejeon,98,15,72,2,62,8,0,11,4
25/06/2020,Ulsan,55,22,26,16,4,3,3,7,0
25/06/2020,Sejong,49,4,44,1,40,3,0,1,0
25/06/2020,Gyeon- ggi,1146,229,840,29,686,62,63,77,9
25/06/2020,Gangwon,63,16,40,17,23,0,0,7,0
25/06/2020,"Chung-
buk",62,10,42,6,27,7,2,10,0
25/06/2020,Chung- nam,163,14,137,0,134,2,1,12,1
25/06/2020,Jeonbuk,25,12,8,1,7,0,0,5,0
25/06/2020,Jeonnam,20,12,5,1,1,2,1,3,0
25/06/2020,Gyeong- buk,1386,19,1234,566,478,190,0,133,0
25/06/2020,Gyeong- nam,133,23,90,32,50,6,2,20,0
25/06/2020,Jeju,19,13,2,0,1,0,1,4,0
25/06/2020,Airport,672,672,0,0,0,0,0,0,4
25/06/2020,Total,12563,1496,9892,5213,3267,1251,161,1175,28
26/06/2020,Seoul,1267,295,872,8,764,31,69,100,17
26/06/2020,Busan,152,34,88,12,57,18,1,30,0
26/06/2020,Daegu,6903,37,6121,4511,689,917,4,745,0
26/06/2020,Incheon,336,55,269,2,253,6,8,12,2
26/06/2020,Gwangju,33,16,17,9,1,1,6,0,0
26/06/2020,Daejeon,102,15,75,2,65,8,0,12,4
26/06/2020,Ulsan,55,22,26,16,4,3,3,7,0
26/06/2020,Sejong,49,4,44,1,40,3,0,1,0
26/06/2020,Gyeon- ggi,1150,231,842,29,689,61,63,77,4
26/06/2020,Gangwon,64,16,41,17,24,0,0,7,1
26/06/2020,"Chung-
buk",62,10,42,6,27,7,2,10,0
26/06/2020,Chung- nam,166,14,140,0,137,2,1,12,3
26/06/2020,Jeonbuk,25,12,8,1,7,0,0,5,0
26/06/2020,Jeonnam,20,12,5,1,1,2,1,3,0
26/06/2020,Gyeong- buk,1387,20,1234,566,478,190,0,133,1
26/06/2020,Gyeong- nam,133,23,90,32,50,6,2,20,0
26/06/2020,Jeju,19,13,2,0,1,0,1,4,0
26/06/2020,Airport,679,679,0,0,0,0,0,0,7
26/06/2020,Total,12602,1508,9916,5213,3287,1255,161,1178,39
27/06/2020,Seoul,1284,297,880,8,764,39,69,107,17
27/06/2020,Busan,152,34,88,12,57,18,1,30,0
27/06/2020,Daegu,6904,37,6121,4511,689,917,4,746,1
27/06/2020,Incheon,337,56,269,2,253,6,8,12,1
27/06/2020,Gwangju,33,16,17,9,1,1,6,0,0
27/06/2020,Daejeon,104,15,76,2,65,9,0,13,2
27/06/2020,Ulsan,55,22,26,16,4,3,3,7,0
27/06/2020,Sejong,49,4,44,1,40,3,0,1,0
27/06/2020,Gyeon- ggi,1167,236,851,29,689,70,63,80,17
27/06/2020,Gang won,64,16,41,17,24,0,0,7,0
27/06/2020,"Chung-
buk",63,11,42,6,27,7,2,10,1
27/06/2020,Chung- nam,166,14,140,0,137,2,1,12,0
27/06/2020,Jeonbuk,26,12,9,1,7,1,0,5,1
27/06/2020,Jeon am,20,12,5,1,1,2,1,3,0
27/06/2020,Gyeong- buk,1387,20,1234,566,478,190,0,133,0
27/06/2020,Gyeong- nam,133,23,90,32,50,6,2,20,0
27/06/2020,Jeju,19,13,2,0,1,0,1,4,0
27/06/2020,Airport,690,690,0,0,0,0,0,0,11
27/06/2020,Total,12653,1528,9935,5213,3287,1274,161,1190,51
28/06/2020,Seoul,1298,298,896,8,786,33,69,104,14
28/06/2020,Busan,152,34,88,12,57,18,1,30,0
28/06/2020,Daegu,6904,37,6121,4511,689,917,4,746,0
28/06/2020,Incheon,337,57,269,2,253,6,8,11,0
28/06/2020,Gwangju,37,16,20,9,1,4,6,1,4
28/06/2020,Daejeon,110,15,77,2,66,9,0,18,6
28/06/2020,Ulsan,55,22,26,16,4,3,3,7,0
28/06/2020,Sejong,49,4,44,1,40,3,0,1,0
28/06/2020,Gyeonggi,1184,240,862,29,708,62,63,82,17
28/06/2020,Gangwon,64,16,41,17,24,0,0,7,0
28/06/2020,"Chung-
buk",64,11,42,6,27,7,2,11,1
28/06/2020,"Chung-
nam",167,15,140,0,137,2,1,12,1
28/06/2020,Jeonbuk,26,12,9,1,8,0,0,5,0
28/06/2020,Jeonnam,23,12,5,1,1,2,1,6,3
28/06/2020,Gyeong- buk,1387,20,1234,566,478,190,0,133,0
28/06/2020,"Gyeong-
nam",133,23,90,32,50,6,2,20,0
28/06/2020,Jeju,19,13,2,0,1,0,1,4,0
28/06/2020,Airport,706,706,0,0,0,0,0,0,16
28/06/2020,Total,12715,1551,9966,5213,3330,1262,161,1198,62
29/06/2020,Seoul,1305,299,900,8,791,32,69,106,7
29/06/2020,Busan,153,34,89,12,57,19,1,30,1
29/06/2020,Daegu,6906,37,6122,4511,690,917,4,747,2
29/06/2020,Incheon,338,57,270,2,254,6,8,11,1
29/06/2020,Gwangju,41,17,20,9,1,4,6,4,4
29/06/2020,Daejeon,112,15,80,2,68,10,0,17,2
29/06/2020,Ulsan,55,22,26,16,4,3,3,7,0
29/06/2020,Sejong,49,4,44,1,40,3,0,1,0
29/06/2020,Gyeon- ggi,1200,242,872,29,718,62,63,86,16
29/06/2020,Gangwon,64,16,41,17,24,0,0,7,0
29/06/2020,"Chung-
buk",64,11,42,6,27,7,2,11,0
29/06/2020,Chung- nam,167,15,140,0,137,2,1,12,0
29/06/2020,Jeonbuk,27,12,9,1,8,0,0,6,1
29/06/2020,Jeonnam,24,13,5,1,1,2,1,6,1
29/06/2020,Gyeong- buk,1388,21,1234,566,478,190,0,133,1
29/06/2020,Gyeong- nam,134,24,90,32,50,6,2,20,1
29/06/2020,Jeju,19,13,2,0,1,0,1,4,0
29/06/2020,Airport,711,711,0,0,0,0,0,0,5
29/06/2020,Total,12757,1563,9986,5213,3349,1263,161,1208,42
30/06/2020,Seoul,1312,300,904,8,795,32,69,108,7
30/06/2020,Busan,154,35,89,12,57,19,1,30,1
30/06/2020,Daegu,6906,37,6122,4511,690,917,4,747,0
30/06/2020,Incheon,341,60,270,2,254,6,8,11,3
30/06/2020,Gwangju,44,17,26,9,6,5,6,1,3
30/06/2020,Daejeon,117,15,87,2,70,15,0,15,5
30/06/2020,Ulsan,55,22,26,16,4,3,3,7,0
30/06/2020,Sejong,50,5,44,1,40,3,0,1,1
30/06/2020,Gyeon- ggi,1207,242,881,29,726,63,63,84,7
30/06/2020,Gangwon,65,16,42,17,25,0,0,7,1
30/06/2020,"Chung-
buk",65,11,43,6,27,8,2,11,1
30/06/2020,Chung- nam,167,15,140,0,137,2,1,12,0
30/06/2020,Jeonbuk,27,12,10,1,9,0,0,5,0
30/06/2020,Jeonnam,24,13,7,1,1,4,1,4,0
30/06/2020,Gyeong- buk,1389,22,1234,566,478,190,0,133,1
30/06/2020,Gyeong- nam,134,24,90,32,50,6,2,20,0
30/06/2020,Jeju,19,13,2,0,1,0,1,4,0
30/06/2020,Airport,724,724,0,0,0,0,0,0,13
30/06/2020,Total,12800,1583,10017,5213,3370,1273,161,1200,43
01/07/2020,Seoul,1321,300,912,8,798,37,69,109,9
01/07/2020,Busan,154,35,89,12,57,19,1,30,0
01/07/2020,Daegu,6907,37,6122,4511,690,917,4,748,1
01/07/2020,Incheon,343,62,270,2,254,6,8,11,2
01/07/2020,Gwangju,56,17,35,9,7,13,6,4,12
01/07/2020,Daejeon,121,16,86,2,70,14,0,19,4
01/07/2020,Ulsan,55,22,26,16,4,3,3,7,0
01/07/2020,Sejong,50,5,44,1,40,3,0,1,0
01/07/2020,Gyeon- ggi,1223,247,890,29,730,68,63,86,16
01/07/2020,Gangwon,65,16,42,17,25,0,0,7,0
01/07/2020,"Chung-
buk",64,11,43,6,28,7,2,10,0
01/07/2020,Chung- nam,168,16,140,0,137,2,1,12,1
01/07/2020,Jeonbuk,27,12,10,1,9,0,0,5,0
01/07/2020,Jeonnam,25,14,7,1,3,2,1,4,1
01/07/2020,Gyeong- buk,1389,22,1234,566,478,190,0,133,0
01/07/2020,Gyeong- nam,134,24,90,32,50,6,2,20,0
01/07/2020,Jeju,19,13,2,0,1,0,1,4,0
01/07/2020,Airport,729,729,0,0,0,0,0,0,5
01/07/2020,Total,12850,1598,10042,5213,3381,1287,161,1210,51
02/07/2020,Seoul,1334,300,919,8,802,40,69,115,13
02/07/2020,Busan,154,35,89,12,57,19,1,30,0
02/07/2020,Daegu,6910,39,6122,4511,690,917,4,749,3
02/07/2020,Incheon,343,62,270,2,254,6,8,11,0
02/07/2020,Gwangju,78,17,54,9,22,17,6,7,22
02/07/2020,Daejeon,122,16,89,2,70,17,0,17,1
02/07/2020,Ulsan,55,22,26,16,4,3,3,7,0
02/07/2020,Sejong,50,5,44,1,40,3,0,1,0
02/07/2020,Gyeon- ggi,1233,252,895,29,734,69,63,86,10
02/07/2020,Gangwon,65,16,42,17,25,0,0,7,0
02/07/2020,"Chung-
buk",64,11,43,6,28,7,2,10,0
02/07/2020,Chung- nam,171,17,142,0,138,3,1,12,3
02/07/2020,Jeonbuk,27,12,10,1,9,0,0,5,0
02/07/2020,Jeonnam,25,14,7,1,3,2,1,4,0
02/07/2020,Gyeong- buk,1389,22,1234,566,478,190,0,133,0
02/07/2020,Gyeong- nam,134,24,90,32,50,6,2,20,0
02/07/2020,Jeju,19,13,2,0,1,0,1,4,0
02/07/2020,Airport,731,731,0,0,0,0,0,0,2
02/07/2020,Total,12904,1608,10078,5213,3405,1299,161,1218,54
03/07/2020,Seoul,1346,300,928,8,808,43,69,118,12
03/07/2020,Busan,154,35,89,12,57,19,1,30,0
03/07/2020,Daegu,6923,42,6131,4511,698,918,4,750,13
03/07/2020,Incheon,344,62,271,2,254,7,8,11,1
03/07/2020,Gwangju,84,17,59,9,26,18,6,8,6
03/07/2020,Daejeon,126,16,89,2,70,17,0,21,4
03/07/2020,Ulsan,55,22,26,16,4,3,3,7,0
03/07/2020,Sejong,50,5,44,1,40,3,0,1,0
03/07/2020,Gyeon- ggi,1251,254,910,29,747,71,63,87,18
03/07/2020,Gangwon,65,16,42,17,25,0,0,7,0
03/07/2020,"Chung-
buk",64,11,43,6,28,7,2,10,0
03/07/2020,Chung- nam,172,17,143,0,138,4,1,12,1
03/07/2020,Jeonbuk,28,12,10,1,9,0,0,6,1
03/07/2020,Jeonnam,25,14,7,1,3,2,1,4,0
03/07/2020,Gyeong- buk,1390,22,1234,566,478,190,0,134,1
03/07/2020,Gyeong- nam,136,26,90,32,50,6,2,20,2
03/07/2020,Jeju,19,13,2,0,1,0,1,4,0
03/07/2020,Airport,735,735,0,0,0,0,0,0,4
03/07/2020,Total,12967,1619,10118,5213,3436,1308,161,1230,63
04/07/2020,Seoul,1353,301,931,8,807,47,69,121,7
04/07/2020,Busan,155,36,89,12,57,19,1,30,1
04/07/2020,Daegu,6924,42,6133,4511,701,917,4,749,1
04/07/2020,Incheon,346,64,271,2,254,7,8,11,2
04/07/2020,Gwangju,92,17,61,9,26,20,6,14,8
04/07/2020,Daejeon,129,16,92,2,70,20,0,21,3
04/07/2020,Ulsan,55,22,26,16,4,3,3,7,0
04/07/2020,Sejong,50,5,44,1,40,3,0,1,0
04/07/2020,Gyeon- ggi,1270,258,920,29,755,73,63,92,19
04/07/2020,Gangwon,65,16,42,17,25,0,0,7,0
04/07/2020,"Chung-
buk",66,11,44,6,28,8,2,11,2
04/07/2020,Chung- nam,172,17,143,0,138,4,1,12,0
04/07/2020,Jeonbuk,28,12,10,1,9,0,0,6,0
04/07/2020,Jeonnam,25,14,8,1,2,4,1,3,0
04/07/2020,Gyeong- buk,1391,23,1235,566,478,191,0,133,1
04/07/2020,"Gyeong-
nam",137,27,90,32,50,6,2,20,1
04/07/2020,Jeju,19,13,2,0,1,0,1,4,0
04/07/2020,Airport,753,753,0,0,0,0,0,0,18
04/07/2020,Total,13030,1647,10141,5213,3445,1322,161,1242,63
05/07/2020,Seoul,1369,304,948,8,824,47,69,117,16
05/07/2020,Busan,155,36,89,12,58,18,1,30,0
05/07/2020,Daegu,6924,42,6132,4511,700,917,4,750,0
05/07/2020,Incheon,346,64,271,2,254,7,8,11,0
05/07/2020,Gwang ju,108,18,80,9,59,6,6,10,16
05/07/2020,"Dae
jeon",137,16,103,2,80,21,0,18,8
05/07/2020,Ulsan,55,22,26,16,4,3,3,7,0
05/07/2020,Sejong,50,5,44,1,40,3,0,1,0
05/07/2020,"Gyeong
-gi",1278,262,927,29,765,69,64,89,8
05/07/2020,Gang won,66,16,43,17,26,0,0,7,1
05/07/2020,"Chung
-buk",66,11,44,6,28,8,2,11,0
05/07/2020,"Chung
-nam",172,17,143,0,139,3,1,12,0
05/07/2020,Jeon buk,29,13,10,1,9,0,0,6,1
05/07/2020,Jeon nam,25,14,8,1,4,2,1,3,0
05/07/2020,"Gyeong
-buk",1392,23,1236,566,478,192,0,133,1
05/07/2020,"Gyeong
-nam",137,27,90,32,50,6,2,20,0
05/07/2020,Jeju,20,14,2,0,1,0,1,4,1
05/07/2020,Airport,762,762,0,0,0,0,0,0,9
05/07/2020,Total,13091,1666,10196,5213,3519,1302,162,1229,61
06/07/2020,Seoul,1372,305,950,8,825,48,69,117,3
06/07/2020,Busan,156,37,89,12,58,18,1,30,1
06/07/2020,Daegu,6924,44,6131,4511,699,917,4,749,2
06/07/2020,Incheon,352,65,275,2,256,9,8,12,6
06/07/2020,Gwangju,115,18,86,9,62,9,6,11,7
06/07/2020,Daejeon,139,16,105,2,83,20,0,18,2
06/07/2020,Ulsan,55,22,26,16,4,3,3,7,0
06/07/2020,Sejong,50,5,44,1,40,3,0,1,0
06/07/2020,Gyeonggi,1284,263,929,29,765,71,64,92,6
06/07/2020,Gangwon,67,17,43,17,26,0,0,7,1
06/07/2020,Chung- buk,66,11,44,6,28,8,2,11,0
06/07/2020,Chung- nam,173,17,144,0,139,4,1,12,1
06/07/2020,Jeonbuk,29,13,10,1,9,0,0,6,0
06/07/2020,Jeonnam,27,14,9,1,4,3,1,4,2
06/07/2020,Gyeong- buk,1393,24,1236,566,478,192,0,133,1
06/07/2020,Gyeong- nam,138,28,90,32,50,6,2,20,1
06/07/2020,Jeju,20,14,2,0,1,0,1,4,0
06/07/2020,"Ports of
Entry",777,777,0,0,0,0,0,0,15
06/07/2020,Total,13137,1690,10213,5213,3527,1311,162,1234,48
07/07/2020,Seoul,1375,305,952,8,827,48,69,118,3
07/07/2020,Busan,156,37,89,12,58,18,1,30,0
07/07/2020,Daegu,6925,45,6131,4511,699,917,4,749,1
07/07/2020,Incheon,354,65,278,2,260,8,8,11,2
07/07/2020,Gwangju,121,18,94,9,75,4,6,9,6
07/07/2020,Daejeon,141,16,106,2,90,14,0,19,2
07/07/2020,Ulsan,55,22,26,16,4,3,3,7,0
07/07/2020,Sejong,50,5,44,1,40,3,0,1,0
07/07/2020,Gyeonggi,1297,269,933,29,768,72,64,95,13
07/07/2020,Gangwon,67,17,43,17,26,0,0,7,0
07/07/2020,Chung- buk,66,11,45,6,29,8,2,10,0
07/07/2020,Chung- nam,173,17,144,0,139,4,1,12,0
07/07/2020,Jeonbuk,30,14,11,1,10,0,0,5,1
07/07/2020,Jeonnam,27,14,9,1,5,2,1,4,0
07/07/2020,Gyeong- buk,1393,24,1236,566,478,192,0,133,0
07/07/2020,Gyeong- nam,138,28,90,32,50,6,2,20,0
07/07/2020,Jeju,20,14,2,0,1,0,1,4,0
07/07/2020,"Ports of
Entry",793,793,0,0,0,0,0,0,16
07/07/2020,Total,13181,1714,10233,5213,3559,1299,162,1234,44
08/07/2020,Seoul,1385,310,954,8,831,46,69,121,10
08/07/2020,Busan,156,37,89,12,58,18,1,30,0
08/07/2020,Daegu,6926,46,6131,4511,699,917,4,749,1
08/07/2020,Incheon,355,65,279,2,260,9,8,11,1
08/07/2020,Gwangju,129,19,105,9,87,3,6,5,8
08/07/2020,Daejeon,143,16,107,2,90,15,0,20,2
08/07/2020,Ulsan,55,22,26,16,4,3,3,7,0
08/07/2020,Sejong,50,5,44,1,40,3,0,1,0
08/07/2020,Gyeonggi,1315,276,939,29,773,73,64,100,18
08/07/2020,Gangwon,67,17,43,17,26,0,0,7,0
08/07/2020,Chung- buk,66,11,45,6,29,8,2,10,0
08/07/2020,Chung- nam,179,20,147,0,142,4,1,12,6
08/07/2020,Jeonbuk,32,16,11,1,10,0,0,5,2
08/07/2020,Jeonnam,28,14,9,1,5,2,1,5,1
08/07/2020,Gyeong- buk,1394,25,1236,566,478,192,0,133,1
08/07/2020,Gyeong- nam,140,30,90,32,50,6,2,20,2
08/07/2020,Jeju,20,14,2,0,1,0,1,4,0
08/07/2020,Ports of Entry,804,804,0,0,0,0,0,0,11
08/07/2020,Total,13244,1747,10257,5213,3583,1299,162,1240,63
09/07/2020,Seoul,1393,314,957,8,833,47,69,122,8
09/07/2020,Busan,156,37,89,12,58,18,1,30,0
09/07/2020,Daegu,6926,46,6131,4511,699,917,4,749,0
09/07/2020,Incheon,358,66,281,2,260,11,8,11,3
09/07/2020,Gwangju,144,19,120,9,92,13,6,5,15
09/07/2020,Daejeon,149,16,112,2,91,19,0,21,6
09/07/2020,Ulsan,55,22,26,16,4,3,3,7,0
09/07/2020,Sejong,50,5,44,1,40,3,0,1,0
09/07/2020,Gyeonggi,1323,283,943,29,776,74,64,97,8
09/07/2020,Gangwon,67,17,43,17,26,0,0,7,0
09/07/2020,Chung- buk,66,11,45,6,29,8,2,10,0
09/07/2020,Chung- nam,180,21,147,0,142,4,1,12,1
09/07/2020,Jeonbuk,33,17,11,1,10,0,0,5,1
09/07/2020,Jeonnam,29,15,9,1,5,2,1,5,1
09/07/2020,Gyeong- buk,1393,24,1236,566,478,192,0,133,0
09/07/2020,Gyeong- nam,142,32,90,32,50,6,2,20,2
09/07/2020,Jeju,20,14,2,0,1,0,1,4,0
09/07/2020,Ports of Entry,809,809,0,0,0,0,0,0,5
09/07/2020,Total,13293,1768,10286,5213,3594,1317,162,1239,50
10/07/2020,Seoul,1401,315,962,8,837,48,69,124,8
10/07/2020,Busan,156,37,89,12,58,18,1,30,0
10/07/2020,Daegu,6926,46,6131,4511,699,917,4,749,0
10/07/2020,Incheon,359,67,281,2,261,10,8,11,1
10/07/2020,Gwangju,147,19,124,9,105,4,6,4,3
10/07/2020,Daejeon,156,16,118,2,97,19,0,22,7
10/07/2020,Ulsan,55,22,26,16,4,3,3,7,0
10/07/2020,Sejong,50,5,44,1,40,3,0,1,0
10/07/2020,Gyeonggi,1337,294,945,29,777,75,64,98,14
10/07/2020,Gangwon,67,17,43,17,26,0,0,7,0
10/07/2020,Chung- buk,68,13,45,6,29,8,2,10,2
10/07/2020,Chung- nam,180,21,147,0,142,4,1,12,0
10/07/2020,Jeonbuk,33,17,11,1,10,0,0,5,0
10/07/2020,Jeonnam,32,16,11,1,7,2,1,5,3
10/07/2020,Gyeong- buk,1393,24,1236,566,478,192,0,133,0
10/07/2020,Gyeong- nam,145,35,90,32,50,6,2,20,3
10/07/2020,Jeju,20,14,2,0,1,0,1,4,0
10/07/2020,Ports of Entry,813,813,0,0,0,0,0,0,4
10/07/2020,Total,13338,1791,10305,5213,3621,1309,162,1242,45
11/07/2020,Seoul,1393,314,957,8,833,47,69,122,8
11/07/2020,Busan,156,37,89,12,58,18,1,30,0
11/07/2020,Daegu,6926,46,6131,4511,699,917,4,749,0
11/07/2020,Incheon,358,66,281,2,260,11,8,11,3
11/07/2020,Gwangju,144,19,120,9,92,13,6,5,15
11/07/2020,Daejeon,149,16,112,2,91,19,0,21,6
11/07/2020,Ulsan,55,22,26,16,4,3,3,7,0
11/07/2020,Sejong,50,5,44,1,40,3,0,1,0
11/07/2020,Gyeonggi,1323,283,943,29,776,74,64,97,8
11/07/2020,Gangwon,67,17,43,17,26,0,0,7,0
11/07/2020,Chung- buk,66,11,45,6,29,8,2,10,0
11/07/2020,Chung- nam,180,21,147,0,142,4,1,12,1
11/07/2020,Jeonbuk,33,17,11,1,10,0,0,5,1
11/07/2020,Jeonnam,29,15,9,1,5,2,1,5,1
11/07/2020,Gyeong- buk,1393,24,1236,566,478,192,0,133,0
11/07/2020,Gyeong- nam,142,32,90,32,50,6,2,20,2
11/07/2020,Jeju,20,14,2,0,1,0,1,4,0
11/07/2020,Ports of Entry,809,809,0,0,0,0,0,0,5
11/07/2020,Total,13293,1768,10286,5213,3594,1317,162,1239,50
12/07/2020,Seoul,1416,317,969,8,843,49,69,130,7
12/07/2020,Busan,156,37,89,12,58,18,1,30,0
12/07/2020,Daegu,6926,46,6131,4511,699,917,4,749,0
12/07/2020,Incheon,360,67,282,2,261,11,8,11,0
12/07/2020,Gwangju,161,19,138,9,114,9,6,4,5
12/07/2020,Daejeon,159,16,120,2,94,24,0,23,1
12/07/2020,Ulsan,55,22,26,16,4,3,3,7,0
12/07/2020,Sejong,50,5,44,1,40,3,0,1,0
12/07/2020,Gyeonggi,1358,305,954,29,790,71,64,99,17
12/07/2020,Gangwon,67,17,43,17,26,0,0,7,0
12/07/2020,Chung- buk,68,13,45,6,29,8,2,10,0
12/07/2020,Chung- nam,181,22,147,0,142,4,1,12,0
12/07/2020,Jeonbuk,36,20,11,1,10,0,0,5,1
12/07/2020,Jeonnam,32,16,13,1,9,2,1,3,0
12/07/2020,Gyeong- buk,1393,24,1236,566,478,192,0,133,0
12/07/2020,Gyeong- nam,146,36,90,32,50,6,2,20,1
12/07/2020,Jeju,20,14,2,0,1,0,1,4,0
12/07/2020,Ports of Entry,833,833,0,0,0,0,0,0,12
12/07/2020,Total,13417,1829,10340,5213,3648,1317,162,1248,44
13/07/2020,Seoul,1429,320,976,8,841,58,69,133,13
13/07/2020,Busan,156,37,89,12,58,18,1,30,0
13/07/2020,Daegu,6927,47,6131,4511,699,917,4,749,1
13/07/2020,Incheon,363,70,282,2,262,10,8,11,3
13/07/2020,Gwangju,168,20,142,9,120,7,6,6,7
13/07/2020,Daejeon,159,16,122,2,99,21,0,21,0
13/07/2020,Ulsan,55,22,26,16,4,3,3,7,0
13/07/2020,Sejong,50,5,44,1,40,3,0,1,0
13/07/2020,Gyeonggi,1369,313,958,29,788,77,64,98,11
13/07/2020,Gangwon,69,19,43,17,26,0,0,7,2
13/07/2020,Chung- buk,69,14,45,6,29,8,2,10,1
13/07/2020,Chung- nam,185,26,147,0,142,4,1,12,4
13/07/2020,Jeonbuk,36,20,11,1,10,0,0,5,0
13/07/2020,Jeonnam,32,16,11,1,7,2,1,5,0
13/07/2020,Gyeong- buk,1393,24,1236,566,478,192,0,133,0
13/07/2020,Gyeong- nam,148,38,90,32,50,6,2,20,2
13/07/2020,Jeju,20,14,2,0,1,0,1,4,0
13/07/2020,Ports of Entry,851,851,0,0,0,0,0,0,18
13/07/2020,Total,13479,1872,10355,5213,3654,1326,162,1252,62
